,td_date
0,1997-07-15
1,1997-07-16
2,1997-07-17
3,1997-07-22
4,1997-07-23
5,1997-07-24
6,1997-07-29
7,1997-07-30
8,1997-08-05
9,1997-08-06
10,1997-08-07
11,1997-08-12
12,1997-08-13
13,1997-08-14
14,1997-08-19
15,1997-08-20
16,1997-08-21
17,1997-08-26
18,1997-08-27
19,1997-08-28
20,1997-09-02
21,1997-09-03
22,1997-09-04
23,1997-09-09
24,1997-09-10
25,1997-09-11
26,1997-09-16
27,1997-09-17
28,1997-09-18
29,1997-09-23
30,1997-09-24
31,1997-09-25
32,1997-10-07
33,1997-10-08
34,1997-10-09
35,1997-10-14
36,1997-10-15
37,1997-10-16
38,1997-10-21
39,1997-10-22
40,1997-10-23
41,1997-10-28
42,1997-10-29
43,1997-10-30
44,1997-11-04
45,1997-11-05
46,1997-11-06
47,1997-11-11
48,1997-11-12
49,1997-11-13
50,1997-11-18
51,1997-11-19
52,1997-11-20
53,1997-11-25
54,1997-11-26
55,1997-11-27
56,1997-12-02
57,1997-12-03
58,1997-12-04
59,1997-12-09
60,1997-12-10
61,1997-12-11
62,1997-12-16
63,1997-12-17
64,1997-12-18
65,1997-12-23
66,1997-12-24
67,1997-12-25
68,1997-12-30
69,1998-01-06
70,1998-01-07
71,1998-01-08
72,1998-01-13
73,1998-01-14
74,1998-01-15
75,1998-01-20
76,1998-01-21
77,1998-01-22
78,1998-02-10
79,1998-02-11
80,1998-02-12
81,1998-02-17
82,1998-02-18
83,1998-02-19
84,1998-02-24
85,1998-02-25
86,1998-02-26
87,1998-03-03
88,1998-03-04
89,1998-03-05
90,1998-03-10
91,1998-03-11
92,1998-03-12
93,1998-03-17
94,1998-03-18
95,1998-03-19
96,1998-03-24
97,1998-03-25
98,1998-03-26
99,1998-04-02
100,1998-04-07
101,1998-04-08
102,1998-04-09
103,1998-04-14
104,1998-04-15
105,1998-04-16
106,1998-04-21
107,1998-04-22
108,1998-04-23
109,1998-04-28
110,1998-04-29
111,1998-05-05
112,1998-05-06
113,1998-05-07
114,1998-05-12
115,1998-05-13
116,1998-05-14
117,1998-05-19
118,1998-05-20
119,1998-05-21
120,1998-05-26
121,1998-05-27
122,1998-05-28
123,1998-06-02
124,1998-06-03
125,1998-06-04
126,1998-06-09
127,1998-06-10
128,1998-06-11
129,1998-06-16
130,1998-06-17
131,1998-06-18
132,1998-06-23
133,1998-06-24
134,1998-06-25
135,1998-07-02
136,1998-07-07
137,1998-07-08
138,1998-07-09
139,1998-07-14
140,1998-07-15
141,1998-07-16
142,1998-07-21
143,1998-07-22
144,1998-07-23
145,1998-07-28
146,1998-07-29
147,1998-07-30
148,1998-08-04
149,1998-08-05
150,1998-08-06
151,1998-08-11
152,1998-08-12
153,1998-08-13
154,1998-08-18
155,1998-08-19
156,1998-08-20
157,1998-08-25
158,1998-08-26
159,1998-08-27
160,1998-09-02
161,1998-09-03
162,1998-09-08
163,1998-09-09
164,1998-09-10
165,1998-09-15
166,1998-09-16
167,1998-09-17
168,1998-09-22
169,1998-09-23
170,1998-09-24
171,1998-09-29
172,1998-10-06
173,1998-10-07
174,1998-10-08
175,1998-10-13
176,1998-10-14
177,1998-10-15
178,1998-10-20
179,1998-10-21
180,1998-10-22
181,1998-10-27
182,1998-10-28
183,1998-10-29
184,1998-11-03
185,1998-11-04
186,1998-11-05
187,1998-11-10
188,1998-11-11
189,1998-11-12
190,1998-11-17
191,1998-11-18
192,1998-11-19
193,1998-11-24
194,1998-11-25
195,1998-11-26
196,1998-12-02
197,1998-12-03
198,1998-12-08
199,1998-12-09
200,1998-12-10
201,1998-12-15
202,1998-12-16
203,1998-12-17
204,1998-12-22
205,1998-12-23
206,1998-12-24
207,1998-12-29
208,1998-12-30
209,1999-01-05
210,1999-01-06
211,1999-01-07
212,1999-01-12
213,1999-01-13
214,1999-01-14
215,1999-01-19
216,1999-01-20
217,1999-01-21
218,1999-01-26
219,1999-01-27
220,1999-01-28
221,1999-02-02
222,1999-02-03
223,1999-02-04
224,1999-03-02
225,1999-03-03
226,1999-03-04
227,1999-03-09
228,1999-03-10
229,1999-03-11
230,1999-03-16
231,1999-03-17
232,1999-03-18
233,1999-03-23
234,1999-03-24
235,1999-03-25
236,1999-03-30
237,1999-04-06
238,1999-04-07
239,1999-04-08
240,1999-04-13
241,1999-04-14
242,1999-04-15
243,1999-04-20
244,1999-04-21
245,1999-04-22
246,1999-04-27
247,1999-04-28
248,1999-04-29
249,1999-05-05
250,1999-05-06
251,1999-05-11
252,1999-05-12
253,1999-05-13
254,1999-05-18
255,1999-05-19
256,1999-05-20
257,1999-05-25
258,1999-05-26
259,1999-05-27
260,1999-06-02
261,1999-06-03
262,1999-06-08
263,1999-06-09
264,1999-06-10
265,1999-06-15
266,1999-06-16
267,1999-06-17
268,1999-06-22
269,1999-06-23
270,1999-06-24
271,1999-06-29
272,1999-07-06
273,1999-07-07
274,1999-07-08
275,1999-07-13
276,1999-07-14
277,1999-07-15
278,1999-07-20
279,1999-07-21
280,1999-07-22
281,1999-07-27
282,1999-07-28
283,1999-07-29
284,1999-08-03
285,1999-08-04
286,1999-08-05
287,1999-08-10
288,1999-08-11
289,1999-08-12
290,1999-08-17
291,1999-08-18
292,1999-08-19
293,1999-08-24
294,1999-08-25
295,1999-08-26
296,1999-09-02
297,1999-09-07
298,1999-09-08
299,1999-09-09
300,1999-09-14
301,1999-09-15
302,1999-09-16
303,1999-09-21
304,1999-09-22
305,1999-09-23
306,1999-09-28
307,1999-09-29
308,1999-10-12
309,1999-10-13
310,1999-10-14
311,1999-10-19
312,1999-10-20
313,1999-10-21
314,1999-10-26
315,1999-10-27
316,1999-10-28
317,1999-11-02
318,1999-11-03
319,1999-11-04
320,1999-11-09
321,1999-11-10
322,1999-11-11
323,1999-11-16
324,1999-11-17
325,1999-11-18
326,1999-11-23
327,1999-11-24
328,1999-11-25
329,1999-12-02
330,1999-12-07
331,1999-12-08
332,1999-12-09
333,1999-12-14
334,1999-12-15
335,1999-12-16
336,1999-12-22
337,1999-12-23
338,1999-12-28
339,1999-12-29
340,2000-01-05
341,2000-01-06
342,2000-01-11
343,2000-01-12
344,2000-01-13
345,2000-01-18
346,2000-01-19
347,2000-01-20
348,2000-01-25
349,2000-01-26
350,2000-01-27
351,2000-02-15
352,2000-02-16
353,2000-02-17
354,2000-02-22
355,2000-02-23
356,2000-02-24
357,2000-03-02
358,2000-03-07
359,2000-03-08
360,2000-03-09
361,2000-03-14
362,2000-03-15
363,2000-03-16
364,2000-03-21
365,2000-03-22
366,2000-03-23
367,2000-03-28
368,2000-03-29
369,2000-03-30
370,2000-04-04
371,2000-04-05
372,2000-04-06
373,2000-04-11
374,2000-04-12
375,2000-04-13
376,2000-04-18
377,2000-04-19
378,2000-04-20
379,2000-04-25
380,2000-04-26
381,2000-04-27
382,2000-05-09
383,2000-05-10
384,2000-05-11
385,2000-05-16
386,2000-05-17
387,2000-05-18
388,2000-05-23
389,2000-05-24
390,2000-05-25
391,2000-05-30
392,2000-06-06
393,2000-06-07
394,2000-06-08
395,2000-06-13
396,2000-06-14
397,2000-06-15
398,2000-06-20
399,2000-06-21
400,2000-06-22
401,2000-06-27
402,2000-06-28
403,2000-06-29
404,2000-07-04
405,2000-07-05
406,2000-07-06
407,2000-07-11
408,2000-07-12
409,2000-07-13
410,2000-07-18
411,2000-07-19
412,2000-07-20
413,2000-07-25
414,2000-07-26
415,2000-07-27
416,2000-08-02
417,2000-08-03
418,2000-08-08
419,2000-08-09
420,2000-08-10
421,2000-08-15
422,2000-08-16
423,2000-08-17
424,2000-08-22
425,2000-08-23
426,2000-08-24
427,2000-08-29
428,2000-08-30
429,2000-09-05
430,2000-09-06
431,2000-09-07
432,2000-09-12
433,2000-09-13
434,2000-09-14
435,2000-09-19
436,2000-09-20
437,2000-09-21
438,2000-09-26
439,2000-09-27
440,2000-09-28
441,2000-10-10
442,2000-10-11
443,2000-10-12
444,2000-10-17
445,2000-10-18
446,2000-10-19
447,2000-10-24
448,2000-10-25
449,2000-10-26
450,2000-11-02
451,2000-11-07
452,2000-11-08
453,2000-11-09
454,2000-11-14
455,2000-11-15
456,2000-11-16
457,2000-11-21
458,2000-11-22
459,2000-11-23
460,2000-11-28
461,2000-11-29
462,2000-12-05
463,2000-12-06
464,2000-12-07
465,2000-12-12
466,2000-12-13
467,2000-12-14
468,2000-12-19
469,2000-12-20
470,2000-12-21
471,2000-12-26
472,2000-12-27
473,2000-12-28
474,2001-01-03
475,2001-01-04
476,2001-01-09
477,2001-01-10
478,2001-01-11
479,2001-01-16
480,2001-01-17
481,2001-01-18
482,2001-02-06
483,2001-02-07
484,2001-02-08
485,2001-02-13
486,2001-02-14
487,2001-02-15
488,2001-02-20
489,2001-02-21
490,2001-02-22
491,2001-02-27
492,2001-03-06
493,2001-03-07
494,2001-03-08
495,2001-03-13
496,2001-03-14
497,2001-03-15
498,2001-03-20
499,2001-03-21
500,2001-03-22
501,2001-03-27
502,2001-03-28
503,2001-03-29
504,2001-04-03
505,2001-04-04
506,2001-04-05
507,2001-04-10
508,2001-04-11
509,2001-04-12
510,2001-04-17
511,2001-04-18
512,2001-04-19
513,2001-04-24
514,2001-04-25
515,2001-04-26
516,2001-05-09
517,2001-05-10
518,2001-05-15
519,2001-05-16
520,2001-05-17
521,2001-05-22
522,2001-05-23
523,2001-05-24
524,2001-05-29
525,2001-05-30
526,2001-06-05
527,2001-06-06
528,2001-06-07
529,2001-06-12
530,2001-06-13
531,2001-06-14
532,2001-06-19
533,2001-06-20
534,2001-06-21
535,2001-06-26
536,2001-06-27
537,2001-06-28
538,2001-07-03
539,2001-07-04
540,2001-07-05
541,2001-07-10
542,2001-07-11
543,2001-07-12
544,2001-07-17
545,2001-07-18
546,2001-07-19
547,2001-07-24
548,2001-07-25
549,2001-07-26
550,2001-08-02
551,2001-08-07
552,2001-08-08
553,2001-08-09
554,2001-08-14
555,2001-08-15
556,2001-08-16
557,2001-08-21
558,2001-08-22
559,2001-08-23
560,2001-08-28
561,2001-08-29
562,2001-08-30
563,2001-09-04
564,2001-09-05
565,2001-09-06
566,2001-09-11
567,2001-09-12
568,2001-09-13
569,2001-09-18
570,2001-09-19
571,2001-09-20
572,2001-09-25
573,2001-09-26
574,2001-09-27
575,2001-10-09
576,2001-10-10
577,2001-10-11
578,2001-10-16
579,2001-10-17
580,2001-10-18
581,2001-10-23
582,2001-10-24
583,2001-10-25
584,2001-10-30
585,2001-11-06
586,2001-11-07
587,2001-11-08
588,2001-11-13
589,2001-11-14
590,2001-11-15
591,2001-11-20
592,2001-11-21
593,2001-11-22
594,2001-11-27
595,2001-11-28
596,2001-11-29
597,2001-12-04
598,2001-12-05
599,2001-12-06
600,2001-12-11
601,2001-12-12
602,2001-12-13
603,2001-12-18
604,2001-12-19
605,2001-12-20
606,2001-12-25
607,2001-12-26
608,2001-12-27
609,2002-01-08
610,2002-01-09
611,2002-01-10
612,2002-01-15
613,2002-01-16
614,2002-01-17
615,2002-01-22
616,2002-01-23
617,2002-01-24
618,2002-01-29
619,2002-01-30
620,2002-02-05
621,2002-02-06
622,2002-02-07
623,2002-02-26
624,2002-02-27
625,2002-03-05
626,2002-03-06
627,2002-03-07
628,2002-03-12
629,2002-03-13
630,2002-03-14
631,2002-03-19
632,2002-03-20
633,2002-03-21
634,2002-03-26
635,2002-03-27
636,2002-03-28
637,2002-04-02
638,2002-04-03
639,2002-04-04
640,2002-04-09
641,2002-04-10
642,2002-04-11
643,2002-04-16
644,2002-04-17
645,2002-04-18
646,2002-04-23
647,2002-04-24
648,2002-04-25
649,2002-05-09
650,2002-05-14
651,2002-05-15
652,2002-05-16
653,2002-05-21
654,2002-05-22
655,2002-05-23
656,2002-05-28
657,2002-05-29
658,2002-05-30
659,2002-06-04
660,2002-06-05
661,2002-06-06
662,2002-06-11
663,2002-06-12
664,2002-06-13
665,2002-06-18
666,2002-06-19
667,2002-06-20
668,2002-06-25
669,2002-06-26
670,2002-06-27
671,2002-07-02
672,2002-07-03
673,2002-07-04
674,2002-07-09
675,2002-07-10
676,2002-07-11
677,2002-07-16
678,2002-07-17
679,2002-07-18
680,2002-07-23
681,2002-07-24
682,2002-07-25
683,2002-07-30
684,2002-08-06
685,2002-08-07
686,2002-08-08
687,2002-08-13
688,2002-08-14
689,2002-08-15
690,2002-08-20
691,2002-08-21
692,2002-08-22
693,2002-08-27
694,2002-08-28
695,2002-08-29
696,2002-09-03
697,2002-09-04
698,2002-09-05
699,2002-09-10
700,2002-09-11
701,2002-09-12
702,2002-09-17
703,2002-09-18
704,2002-09-19
705,2002-09-24
706,2002-09-25
707,2002-09-26
708,2002-10-09
709,2002-10-10
710,2002-10-15
711,2002-10-16
712,2002-10-17
713,2002-10-22
714,2002-10-23
715,2002-10-24
716,2002-10-29
717,2002-10-30
718,2002-11-05
719,2002-11-06
720,2002-11-07
721,2002-11-12
722,2002-11-13
723,2002-11-14
724,2002-11-19
725,2002-11-20
726,2002-11-21
727,2002-11-26
728,2002-11-27
729,2002-11-28
730,2002-12-03
731,2002-12-04
732,2002-12-05
733,2002-12-10
734,2002-12-11
735,2002-12-12
736,2002-12-17
737,2002-12-18
738,2002-12-19
739,2002-12-24
740,2002-12-25
741,2002-12-26
742,2003-01-07
743,2003-01-08
744,2003-01-09
745,2003-01-14
746,2003-01-15
747,2003-01-16
748,2003-01-21
749,2003-01-22
750,2003-01-23
751,2003-01-28
752,2003-02-11
753,2003-02-12
754,2003-02-13
755,2003-02-18
756,2003-02-19
757,2003-02-20
758,2003-02-25
759,2003-02-26
760,2003-02-27
761,2003-03-04
762,2003-03-05
763,2003-03-06
764,2003-03-11
765,2003-03-12
766,2003-03-13
767,2003-03-18
768,2003-03-19
769,2003-03-20
770,2003-03-25
771,2003-03-26
772,2003-03-27
773,2003-04-02
774,2003-04-03
775,2003-04-08
776,2003-04-09
777,2003-04-10
778,2003-04-15
779,2003-04-16
780,2003-04-17
781,2003-04-22
782,2003-04-23
783,2003-04-24
784,2003-04-29
785,2003-05-13
786,2003-05-14
787,2003-05-15
788,2003-05-20
789,2003-05-21
790,2003-05-22
791,2003-05-27
792,2003-05-28
793,2003-05-29
794,2003-06-03
795,2003-06-04
796,2003-06-05
797,2003-06-10
798,2003-06-11
799,2003-06-12
800,2003-06-17
801,2003-06-18
802,2003-06-19
803,2003-06-24
804,2003-06-25
805,2003-06-26
806,2003-07-02
807,2003-07-03
808,2003-07-08
809,2003-07-09
810,2003-07-10
811,2003-07-15
812,2003-07-16
813,2003-07-17
814,2003-07-22
815,2003-07-23
816,2003-07-24
817,2003-07-29
818,2003-07-30
819,2003-08-05
820,2003-08-06
821,2003-08-07
822,2003-08-12
823,2003-08-13
824,2003-08-14
825,2003-08-19
826,2003-08-20
827,2003-08-21
828,2003-08-26
829,2003-08-27
830,2003-08-28
831,2003-09-02
832,2003-09-03
833,2003-09-04
834,2003-09-09
835,2003-09-10
836,2003-09-11
837,2003-09-16
838,2003-09-17
839,2003-09-18
840,2003-09-23
841,2003-09-24
842,2003-09-25
843,2003-10-09
844,2003-10-14
845,2003-10-15
846,2003-10-16
847,2003-10-21
848,2003-10-22
849,2003-10-23
850,2003-10-28
851,2003-10-29
852,2003-10-30
853,2003-11-04
854,2003-11-05
855,2003-11-06
856,2003-11-11
857,2003-11-12
858,2003-11-13
859,2003-11-18
860,2003-11-19
861,2003-11-20
862,2003-11-25
863,2003-11-26
864,2003-11-27
865,2003-12-02
866,2003-12-03
867,2003-12-04
868,2003-12-09
869,2003-12-10
870,2003-12-11
871,2003-12-16
872,2003-12-17
873,2003-12-18
874,2003-12-23
875,2003-12-24
876,2003-12-25
877,2003-12-30
878,2004-01-06
879,2004-01-07
880,2004-01-08
881,2004-01-13
882,2004-01-14
883,2004-01-15
884,2004-02-03
885,2004-02-04
886,2004-02-05
887,2004-02-10
888,2004-02-11
889,2004-02-12
890,2004-02-17
891,2004-02-18
892,2004-02-19
893,2004-02-24
894,2004-02-25
895,2004-02-26
896,2004-03-02
897,2004-03-03
898,2004-03-04
899,2004-03-09
900,2004-03-10
901,2004-03-11
902,2004-03-16
903,2004-03-17
904,2004-03-18
905,2004-03-23
906,2004-03-24
907,2004-03-25
908,2004-03-30
909,2004-04-06
910,2004-04-07
911,2004-04-08
912,2004-04-13
913,2004-04-14
914,2004-04-15
915,2004-04-20
916,2004-04-21
917,2004-04-22
918,2004-04-27
919,2004-04-28
920,2004-04-29
921,2004-05-11
922,2004-05-12
923,2004-05-13
924,2004-05-18
925,2004-05-19
926,2004-05-20
927,2004-05-25
928,2004-05-26
929,2004-05-27
930,2004-06-02
931,2004-06-03
932,2004-06-08
933,2004-06-09
934,2004-06-10
935,2004-06-15
936,2004-06-16
937,2004-06-17
938,2004-06-22
939,2004-06-23
940,2004-06-24
941,2004-06-29
942,2004-07-06
943,2004-07-07
944,2004-07-08
945,2004-07-13
946,2004-07-14
947,2004-07-15
948,2004-07-20
949,2004-07-21
950,2004-07-22
951,2004-07-27
952,2004-07-28
953,2004-07-29
954,2004-08-03
955,2004-08-04
956,2004-08-05
957,2004-08-10
958,2004-08-11
959,2004-08-12
960,2004-08-17
961,2004-08-18
962,2004-08-19
963,2004-08-24
964,2004-08-25
965,2004-08-26
966,2004-09-02
967,2004-09-07
968,2004-09-08
969,2004-09-09
970,2004-09-14
971,2004-09-15
972,2004-09-16
973,2004-09-21
974,2004-09-22
975,2004-09-23
976,2004-09-28
977,2004-09-29
978,2004-10-12
979,2004-10-13
980,2004-10-14
981,2004-10-19
982,2004-10-20
983,2004-10-21
984,2004-10-26
985,2004-10-27
986,2004-10-28
987,2004-11-02
988,2004-11-03
989,2004-11-04
990,2004-11-09
991,2004-11-10
992,2004-11-11
993,2004-11-16
994,2004-11-17
995,2004-11-18
996,2004-11-23
997,2004-11-24
998,2004-11-25
999,2004-12-02
1000,2004-12-07
1001,2004-12-08
1002,2004-12-09
1003,2004-12-14
1004,2004-12-15
1005,2004-12-16
1006,2004-12-21
1007,2004-12-22
1008,2004-12-23
1009,2004-12-28
1010,2004-12-29
1011,2004-12-30
1012,2005-01-05
1013,2005-01-06
1014,2005-01-11
1015,2005-01-12
1016,2005-01-13
1017,2005-01-18
1018,2005-01-19
1019,2005-01-20
1020,2005-01-25
1021,2005-01-26
1022,2005-01-27
1023,2005-02-02
1024,2005-02-03
1025,2005-02-17
1026,2005-02-22
1027,2005-02-23
1028,2005-02-24
1029,2005-03-02
1030,2005-03-03
1031,2005-03-08
1032,2005-03-09
1033,2005-03-10
1034,2005-03-15
1035,2005-03-16
1036,2005-03-17
1037,2005-03-22
1038,2005-03-23
1039,2005-03-24
1040,2005-03-29
1041,2005-03-30
1042,2005-04-05
1043,2005-04-06
1044,2005-04-07
1045,2005-04-12
1046,2005-04-13
1047,2005-04-14
1048,2005-04-19
1049,2005-04-20
1050,2005-04-21
1051,2005-04-26
1052,2005-04-27
1053,2005-04-28
1054,2005-05-10
1055,2005-05-11
1056,2005-05-12
1057,2005-05-17
1058,2005-05-18
1059,2005-05-19
1060,2005-05-24
1061,2005-05-25
1062,2005-05-26
1063,2005-06-02
1064,2005-06-07
1065,2005-06-08
1066,2005-06-09
1067,2005-06-14
1068,2005-06-15
1069,2005-06-16
1070,2005-06-21
1071,2005-06-22
1072,2005-06-23
1073,2005-06-28
1074,2005-06-29
1075,2005-07-05
1076,2005-07-06
1077,2005-07-07
1078,2005-07-12
1079,2005-07-13
1080,2005-07-14
1081,2005-07-19
1082,2005-07-20
1083,2005-07-21
1084,2005-07-26
1085,2005-07-27
1086,2005-07-28
1087,2005-08-02
1088,2005-08-03
1089,2005-08-04
1090,2005-08-09
1091,2005-08-10
1092,2005-08-11
1093,2005-08-16
1094,2005-08-17
1095,2005-08-18
1096,2005-08-23
1097,2005-08-24
1098,2005-08-25
1099,2005-08-30
1100,2005-09-06
1101,2005-09-07
1102,2005-09-08
1103,2005-09-13
1104,2005-09-14
1105,2005-09-15
1106,2005-09-20
1107,2005-09-21
1108,2005-09-22
1109,2005-09-27
1110,2005-09-28
1111,2005-09-29
1112,2005-10-11
1113,2005-10-12
1114,2005-10-13
1115,2005-10-18
1116,2005-10-19
1117,2005-10-20
1118,2005-10-25
1119,2005-10-26
1120,2005-10-27
1121,2005-11-02
1122,2005-11-03
1123,2005-11-08
1124,2005-11-09
1125,2005-11-10
1126,2005-11-15
1127,2005-11-16
1128,2005-11-17
1129,2005-11-22
1130,2005-11-23
1131,2005-11-24
1132,2005-11-29
1133,2005-12-06
1134,2005-12-07
1135,2005-12-08
1136,2005-12-13
1137,2005-12-14
1138,2005-12-15
1139,2005-12-20
1140,2005-12-21
1141,2005-12-22
1142,2005-12-27
1143,2005-12-28
1144,2005-12-29
1145,2006-01-05
1146,2006-01-10
1147,2006-01-11
1148,2006-01-12
1149,2006-01-17
1150,2006-01-18
1151,2006-01-19
1152,2006-01-24
1153,2006-02-07
1154,2006-02-08
1155,2006-02-09
1156,2006-02-14
1157,2006-02-15
1158,2006-02-16
1159,2006-02-21
1160,2006-02-22
1161,2006-02-23
1162,2006-03-02
1163,2006-03-07
1164,2006-03-08
1165,2006-03-09
1166,2006-03-14
1167,2006-03-15
1168,2006-03-16
1169,2006-03-21
1170,2006-03-22
1171,2006-03-23
1172,2006-03-28
1173,2006-03-29
1174,2006-03-30
1175,2006-04-04
1176,2006-04-05
1177,2006-04-06
1178,2006-04-11
1179,2006-04-12
1180,2006-04-13
1181,2006-04-18
1182,2006-04-19
1183,2006-04-20
1184,2006-04-25
1185,2006-04-26
1186,2006-04-27
1187,2006-05-09
1188,2006-05-10
1189,2006-05-11
1190,2006-05-16
1191,2006-05-17
1192,2006-05-18
1193,2006-05-23
1194,2006-05-24
1195,2006-05-25
1196,2006-05-30
1197,2006-06-06
1198,2006-06-07
1199,2006-06-08
1200,2006-06-13
1201,2006-06-14
1202,2006-06-15
1203,2006-06-20
1204,2006-06-21
1205,2006-06-22
1206,2006-06-27
1207,2006-06-28
1208,2006-06-29
1209,2006-07-04
1210,2006-07-05
1211,2006-07-06
1212,2006-07-11
1213,2006-07-12
1214,2006-07-13
1215,2006-07-18
1216,2006-07-19
1217,2006-07-20
1218,2006-07-25
1219,2006-07-26
1220,2006-07-27
1221,2006-08-02
1222,2006-08-03
1223,2006-08-08
1224,2006-08-09
1225,2006-08-10
1226,2006-08-15
1227,2006-08-16
1228,2006-08-17
1229,2006-08-22
1230,2006-08-23
1231,2006-08-24
1232,2006-08-29
1233,2006-08-30
1234,2006-09-05
1235,2006-09-06
1236,2006-09-07
1237,2006-09-12
1238,2006-09-13
1239,2006-09-14
1240,2006-09-19
1241,2006-09-20
1242,2006-09-21
1243,2006-09-26
1244,2006-09-27
1245,2006-09-28
1246,2006-10-10
1247,2006-10-11
1248,2006-10-12
1249,2006-10-17
1250,2006-10-18
1251,2006-10-19
1252,2006-10-24
1253,2006-10-25
1254,2006-10-26
1255,2006-11-02
1256,2006-11-07
1257,2006-11-08
1258,2006-11-09
1259,2006-11-14
1260,2006-11-15
1261,2006-11-16
1262,2006-11-21
1263,2006-11-22
1264,2006-11-23
1265,2006-11-28
1266,2006-11-29
1267,2006-12-05
1268,2006-12-06
1269,2006-12-07
1270,2006-12-12
1271,2006-12-13
1272,2006-12-14
1273,2006-12-19
1274,2006-12-20
1275,2006-12-21
1276,2006-12-26
1277,2006-12-27
1278,2006-12-28
1279,2007-01-09
1280,2007-01-10
1281,2007-01-11
1282,2007-01-16
1283,2007-01-17
1284,2007-01-18
1285,2007-01-23
1286,2007-01-24
1287,2007-01-25
1288,2007-01-30
1289,2007-02-06
1290,2007-02-07
1291,2007-02-08
1292,2007-02-13
1293,2007-02-14
1294,2007-02-15
1295,2007-02-27
1296,2007-03-06
1297,2007-03-07
1298,2007-03-08
1299,2007-03-13
1300,2007-03-14
1301,2007-03-15
1302,2007-03-20
1303,2007-03-21
1304,2007-03-22
1305,2007-03-27
1306,2007-03-28
1307,2007-03-29
1308,2007-04-03
1309,2007-04-04
1310,2007-04-05
1311,2007-04-10
1312,2007-04-11
1313,2007-04-12
1314,2007-04-17
1315,2007-04-18
1316,2007-04-19
1317,2007-04-24
1318,2007-04-25
1319,2007-04-26
1320,2007-05-09
1321,2007-05-10
1322,2007-05-15
1323,2007-05-16
1324,2007-05-17
1325,2007-05-22
1326,2007-05-23
1327,2007-05-24
1328,2007-05-29
1329,2007-05-30
1330,2007-06-05
1331,2007-06-06
1332,2007-06-07
1333,2007-06-12
1334,2007-06-13
1335,2007-06-14
1336,2007-06-19
1337,2007-06-20
1338,2007-06-21
1339,2007-06-26
1340,2007-06-27
1341,2007-06-28
1342,2007-07-03
1343,2007-07-04
1344,2007-07-05
1345,2007-07-10
1346,2007-07-11
1347,2007-07-12
1348,2007-07-17
1349,2007-07-18
1350,2007-07-19
1351,2007-07-24
1352,2007-07-25
1353,2007-07-26
1354,2007-08-02
1355,2007-08-07
1356,2007-08-08
1357,2007-08-09
1358,2007-08-14
1359,2007-08-15
1360,2007-08-16
1361,2007-08-21
1362,2007-08-22
1363,2007-08-23
1364,2007-08-28
1365,2007-08-29
1366,2007-08-30
1367,2007-09-04
1368,2007-09-05
1369,2007-09-06
1370,2007-09-11
1371,2007-09-12
1372,2007-09-13
1373,2007-09-18
1374,2007-09-19
1375,2007-09-20
1376,2007-09-25
1377,2007-09-26
1378,2007-09-27
1379,2007-10-09
1380,2007-10-10
1381,2007-10-11
1382,2007-10-16
1383,2007-10-17
1384,2007-10-18
1385,2007-10-23
1386,2007-10-24
1387,2007-10-25
1388,2007-10-30
1389,2007-11-06
1390,2007-11-07
1391,2007-11-08
1392,2007-11-13
1393,2007-11-14
1394,2007-11-15
1395,2007-11-20
1396,2007-11-21
1397,2007-11-22
1398,2007-11-27
1399,2007-11-28
1400,2007-11-29
1401,2007-12-04
1402,2007-12-05
1403,2007-12-06
1404,2007-12-11
1405,2007-12-12
1406,2007-12-13
1407,2007-12-18
1408,2007-12-19
1409,2007-12-20
1410,2007-12-25
1411,2007-12-26
1412,2007-12-27
1413,2008-01-03
1414,2008-01-08
1415,2008-01-09
1416,2008-01-10
1417,2008-01-15
1418,2008-01-16
1419,2008-01-17
1420,2008-01-22
1421,2008-01-23
1422,2008-01-24
1423,2008-01-29
1424,2008-01-30
1425,2008-02-14
1426,2008-02-19
1427,2008-02-20
1428,2008-02-21
1429,2008-02-26
1430,2008-02-27
1431,2008-02-28
1432,2008-03-04
1433,2008-03-05
1434,2008-03-06
1435,2008-03-11
1436,2008-03-12
1437,2008-03-13
1438,2008-03-18
1439,2008-03-19
1440,2008-03-20
1441,2008-03-25
1442,2008-03-26
1443,2008-03-27
1444,2008-04-02
1445,2008-04-08
1446,2008-04-09
1447,2008-04-10
1448,2008-04-15
1449,2008-04-16
1450,2008-04-17
1451,2008-04-22
1452,2008-04-23
1453,2008-04-24
1454,2008-04-29
1455,2008-05-06
1456,2008-05-07
1457,2008-05-08
1458,2008-05-13
1459,2008-05-14
1460,2008-05-15
1461,2008-05-20
1462,2008-05-21
1463,2008-05-22
1464,2008-05-27
1465,2008-05-28
1466,2008-05-29
1467,2008-06-03
1468,2008-06-04
1469,2008-06-05
1470,2008-06-11
1471,2008-06-12
1472,2008-06-17
1473,2008-06-18
1474,2008-06-19
1475,2008-06-24
1476,2008-06-25
1477,2008-06-26
1478,2008-07-02
1479,2008-07-03
1480,2008-07-08
1481,2008-07-09
1482,2008-07-10
1483,2008-07-15
1484,2008-07-16
1485,2008-07-17
1486,2008-07-22
1487,2008-07-23
1488,2008-07-24
1489,2008-07-29
1490,2008-07-30
1491,2008-08-05
1492,2008-08-06
1493,2008-08-07
1494,2008-08-12
1495,2008-08-13
1496,2008-08-14
1497,2008-08-19
1498,2008-08-20
1499,2008-08-21
1500,2008-08-26
1501,2008-08-27
1502,2008-08-28
1503,2008-09-02
1504,2008-09-03
1505,2008-09-04
1506,2008-09-09
1507,2008-09-10
1508,2008-09-11
1509,2008-09-17
1510,2008-09-18
1511,2008-09-23
1512,2008-09-24
1513,2008-09-25
1514,2008-10-07
1515,2008-10-08
1516,2008-10-09
1517,2008-10-14
1518,2008-10-15
1519,2008-10-16
1520,2008-10-21
1521,2008-10-22
1522,2008-10-23
1523,2008-10-28
1524,2008-10-29
1525,2008-10-30
1526,2008-11-04
1527,2008-11-05
1528,2008-11-06
1529,2008-11-11
1530,2008-11-12
1531,2008-11-13
1532,2008-11-18
1533,2008-11-19
1534,2008-11-20
1535,2008-11-25
1536,2008-11-26
1537,2008-11-27
1538,2008-12-02
1539,2008-12-03
1540,2008-12-04
1541,2008-12-09
1542,2008-12-10
1543,2008-12-11
1544,2008-12-16
1545,2008-12-17
1546,2008-12-18
1547,2008-12-23
1548,2008-12-24
1549,2008-12-25
1550,2008-12-30
1551,2009-01-06
1552,2009-01-07
1553,2009-01-08
1554,2009-01-13
1555,2009-01-14
1556,2009-01-15
1557,2009-01-20
1558,2009-01-21
1559,2009-01-22
1560,2009-02-03
1561,2009-02-04
1562,2009-02-05
1563,2009-02-10
1564,2009-02-11
1565,2009-02-12
1566,2009-02-17
1567,2009-02-18
1568,2009-02-19
1569,2009-02-24
1570,2009-02-25
1571,2009-02-26
1572,2009-03-03
1573,2009-03-04
1574,2009-03-05
1575,2009-03-10
1576,2009-03-11
1577,2009-03-12
1578,2009-03-17
1579,2009-03-18
1580,2009-03-19
1581,2009-03-24
1582,2009-03-25
1583,2009-03-26
1584,2009-04-02
1585,2009-04-08
1586,2009-04-09
1587,2009-04-14
1588,2009-04-15
1589,2009-04-16
1590,2009-04-21
1591,2009-04-22
1592,2009-04-23
1593,2009-04-28
1594,2009-04-29
1595,2009-05-05
1596,2009-05-06
1597,2009-05-07
1598,2009-05-12
1599,2009-05-13
1600,2009-05-14
1601,2009-05-19
1602,2009-05-20
1603,2009-05-21
1604,2009-05-26
1605,2009-06-02
1606,2009-06-03
1607,2009-06-04
1608,2009-06-09
1609,2009-06-10
1610,2009-06-11
1611,2009-06-16
1612,2009-06-17
1613,2009-06-18
1614,2009-06-23
1615,2009-06-24
1616,2009-06-25
1617,2009-07-02
1618,2009-07-07
1619,2009-07-08
1620,2009-07-09
1621,2009-07-14
1622,2009-07-15
1623,2009-07-16
1624,2009-07-21
1625,2009-07-22
1626,2009-07-23
1627,2009-07-28
1628,2009-07-29
1629,2009-07-30
1630,2009-08-04
1631,2009-08-05
1632,2009-08-06
1633,2009-08-11
1634,2009-08-12
1635,2009-08-13
1636,2009-08-18
1637,2009-08-19
1638,2009-08-20
1639,2009-08-25
1640,2009-08-26
1641,2009-08-27
1642,2009-09-02
1643,2009-09-03
1644,2009-09-08
1645,2009-09-09
1646,2009-09-10
1647,2009-09-15
1648,2009-09-16
1649,2009-09-17
1650,2009-09-22
1651,2009-09-23
1652,2009-09-24
1653,2009-09-29
1654,2009-10-13
1655,2009-10-14
1656,2009-10-15
1657,2009-10-20
1658,2009-10-21
1659,2009-10-22
1660,2009-10-27
1661,2009-10-28
1662,2009-10-29
1663,2009-11-03
1664,2009-11-04
1665,2009-11-05
1666,2009-11-10
1667,2009-11-11
1668,2009-11-12
1669,2009-11-17
1670,2009-11-18
1671,2009-11-19
1672,2009-11-24
1673,2009-11-25
1674,2009-11-26
1675,2009-12-02
1676,2009-12-03
1677,2009-12-08
1678,2009-12-09
1679,2009-12-10
1680,2009-12-15
1681,2009-12-16
1682,2009-12-17
1683,2009-12-22
1684,2009-12-23
1685,2009-12-24
1686,2009-12-29
1687,2009-12-30
1688,2010-01-05
1689,2010-01-06
1690,2010-01-07
1691,2010-01-12
1692,2010-01-13
1693,2010-01-14
1694,2010-01-19
1695,2010-01-20
1696,2010-01-21
1697,2010-01-26
1698,2010-01-27
1699,2010-01-28
1700,2010-02-02
1701,2010-02-03
1702,2010-02-04
1703,2010-02-09
1704,2010-02-10
1705,2010-02-11
1706,2010-02-23
1707,2010-02-24
1708,2010-02-25
1709,2010-03-02
1710,2010-03-03
1711,2010-03-04
1712,2010-03-09
1713,2010-03-10
1714,2010-03-11
1715,2010-03-16
1716,2010-03-17
1717,2010-03-18
1718,2010-03-23
1719,2010-03-24
1720,2010-03-25
1721,2010-03-30
1722,2010-04-07
1723,2010-04-08
1724,2010-04-13
1725,2010-04-14
1726,2010-04-15
1727,2010-04-20
1728,2010-04-21
1729,2010-04-22
1730,2010-04-27
1731,2010-04-28
1732,2010-04-29
1733,2010-05-05
1734,2010-05-06
1735,2010-05-11
1736,2010-05-12
1737,2010-05-13
1738,2010-05-18
1739,2010-05-19
1740,2010-05-20
1741,2010-05-25
1742,2010-05-26
1743,2010-05-27
1744,2010-06-02
1745,2010-06-03
1746,2010-06-08
1747,2010-06-09
1748,2010-06-10
1749,2010-06-22
1750,2010-06-23
1751,2010-06-24
1752,2010-06-29
1753,2010-07-06
1754,2010-07-07
1755,2010-07-08
1756,2010-07-13
1757,2010-07-14
1758,2010-07-15
1759,2010-07-20
1760,2010-07-21
1761,2010-07-22
1762,2010-07-27
1763,2010-07-28
1764,2010-07-29
1765,2010-08-03
1766,2010-08-04
1767,2010-08-05
1768,2010-08-10
1769,2010-08-11
1770,2010-08-12
1771,2010-08-17
1772,2010-08-18
1773,2010-08-19
1774,2010-08-24
1775,2010-08-25
1776,2010-08-26
1777,2010-09-02
1778,2010-09-07
1779,2010-09-08
1780,2010-09-09
1781,2010-09-14
1782,2010-09-15
1783,2010-09-16
1784,2010-09-28
1785,2010-09-29
1786,2010-10-12
1787,2010-10-13
1788,2010-10-14
1789,2010-10-19
1790,2010-10-20
1791,2010-10-21
1792,2010-10-26
1793,2010-10-27
1794,2010-10-28
1795,2010-11-02
1796,2010-11-03
1797,2010-11-04
1798,2010-11-09
1799,2010-11-10
1800,2010-11-11
1801,2010-11-16
1802,2010-11-17
1803,2010-11-18
1804,2010-11-23
1805,2010-11-24
1806,2010-11-25
1807,2010-12-02
1808,2010-12-07
1809,2010-12-08
1810,2010-12-09
1811,2010-12-14
1812,2010-12-15
1813,2010-12-16
1814,2010-12-21
1815,2010-12-22
1816,2010-12-23
1817,2010-12-28
1818,2010-12-29
1819,2010-12-30
1820,2011-01-05
1821,2011-01-06
1822,2011-01-11
1823,2011-01-12
1824,2011-01-13
1825,2011-01-18
1826,2011-01-19
1827,2011-01-20
1828,2011-01-25
1829,2011-01-26
1830,2011-01-27
1831,2011-02-10
1832,2011-02-15
1833,2011-02-16
1834,2011-02-17
1835,2011-02-22
1836,2011-02-23
1837,2011-02-24
1838,2011-03-02
1839,2011-03-03
1840,2011-03-08
1841,2011-03-09
1842,2011-03-10
1843,2011-03-15
1844,2011-03-16
1845,2011-03-17
1846,2011-03-22
1847,2011-03-23
1848,2011-03-24
1849,2011-03-29
1850,2011-03-30
1851,2011-04-07
1852,2011-04-12
1853,2011-04-13
1854,2011-04-14
1855,2011-04-19
1856,2011-04-20
1857,2011-04-21
1858,2011-04-26
1859,2011-04-27
1860,2011-04-28
1861,2011-05-04
1862,2011-05-05
1863,2011-05-10
1864,2011-05-11
1865,2011-05-12
1866,2011-05-17
1867,2011-05-18
1868,2011-05-19
1869,2011-05-24
1870,2011-05-25
1871,2011-05-26
1872,2011-06-02
1873,2011-06-08
1874,2011-06-09
1875,2011-06-14
1876,2011-06-15
1877,2011-06-16
1878,2011-06-21
1879,2011-06-22
1880,2011-06-23
1881,2011-06-28
1882,2011-06-29
1883,2011-07-05
1884,2011-07-06
1885,2011-07-07
1886,2011-07-12
1887,2011-07-13
1888,2011-07-14
1889,2011-07-19
1890,2011-07-20
1891,2011-07-21
1892,2011-07-26
1893,2011-07-27
1894,2011-07-28
1895,2011-08-02
1896,2011-08-03
1897,2011-08-04
1898,2011-08-09
1899,2011-08-10
1900,2011-08-11
1901,2011-08-16
1902,2011-08-17
1903,2011-08-18
1904,2011-08-23
1905,2011-08-24
1906,2011-08-25
1907,2011-08-30
1908,2011-09-06
1909,2011-09-07
1910,2011-09-08
1911,2011-09-14
1912,2011-09-15
1913,2011-09-20
1914,2011-09-21
1915,2011-09-22
1916,2011-09-27
1917,2011-09-28
1918,2011-09-29
1919,2011-10-11
1920,2011-10-12
1921,2011-10-13
1922,2011-10-18
1923,2011-10-19
1924,2011-10-20
1925,2011-10-25
1926,2011-10-26
1927,2011-10-27
1928,2011-11-02
1929,2011-11-03
1930,2011-11-08
1931,2011-11-09
1932,2011-11-10
1933,2011-11-15
1934,2011-11-16
1935,2011-11-17
1936,2011-11-22
1937,2011-11-23
1938,2011-11-24
1939,2011-11-29
1940,2011-12-06
1941,2011-12-07
1942,2011-12-08
1943,2011-12-13
1944,2011-12-14
1945,2011-12-15
1946,2011-12-20
1947,2011-12-21
1948,2011-12-22
1949,2011-12-27
1950,2011-12-28
1951,2011-12-29
1952,2012-01-05
1953,2012-01-10
1954,2012-01-11
1955,2012-01-12
1956,2012-01-17
1957,2012-01-18
1958,2012-01-19
1959,2012-02-02
1960,2012-02-07
1961,2012-02-08
1962,2012-02-09
1963,2012-02-14
1964,2012-02-15
1965,2012-02-16
1966,2012-02-21
1967,2012-02-22
1968,2012-02-23
1969,2012-02-28
1970,2012-03-06
1971,2012-03-07
1972,2012-03-08
1973,2012-03-13
1974,2012-03-14
1975,2012-03-15
1976,2012-03-20
1977,2012-03-21
1978,2012-03-22
1979,2012-03-27
1980,2012-03-28
1981,2012-03-29
1982,2012-04-10
1983,2012-04-11
1984,2012-04-12
1985,2012-04-17
1986,2012-04-18
1987,2012-04-19
1988,2012-04-24
1989,2012-04-25
1990,2012-04-26
1991,2012-05-03
1992,2012-05-08
1993,2012-05-09
1994,2012-05-10
1995,2012-05-15
1996,2012-05-16
1997,2012-05-17
1998,2012-05-22
1999,2012-05-23
2000,2012-05-24
2001,2012-05-29
2002,2012-05-30
2003,2012-06-05
2004,2012-06-06
2005,2012-06-07
2006,2012-06-12
2007,2012-06-13
2008,2012-06-14
2009,2012-06-19
2010,2012-06-20
2011,2012-06-26
2012,2012-06-27
2013,2012-06-28
2014,2012-07-03
2015,2012-07-04
2016,2012-07-05
2017,2012-07-10
2018,2012-07-11
2019,2012-07-12
2020,2012-07-17
2021,2012-07-18
2022,2012-07-19
2023,2012-07-24
2024,2012-07-25
2025,2012-07-26
2026,2012-08-02
2027,2012-08-07
2028,2012-08-08
2029,2012-08-09
2030,2012-08-14
2031,2012-08-15
2032,2012-08-16
2033,2012-08-21
2034,2012-08-22
2035,2012-08-23
2036,2012-08-28
2037,2012-08-29
2038,2012-08-30
2039,2012-09-04
2040,2012-09-05
2041,2012-09-06
2042,2012-09-11
2043,2012-09-12
2044,2012-09-13
2045,2012-09-18
2046,2012-09-19
2047,2012-09-20
2048,2012-09-25
2049,2012-09-26
2050,2012-09-27
2051,2012-10-09
2052,2012-10-10
2053,2012-10-11
2054,2012-10-16
2055,2012-10-17
2056,2012-10-18
2057,2012-10-23
2058,2012-10-24
2059,2012-10-25
2060,2012-10-30
2061,2012-11-06
2062,2012-11-07
2063,2012-11-08
2064,2012-11-13
2065,2012-11-14
2066,2012-11-15
2067,2012-11-20
2068,2012-11-21
2069,2012-11-22
2070,2012-11-27
2071,2012-11-28
2072,2012-11-29
2073,2012-12-04
2074,2012-12-05
2075,2012-12-06
2076,2012-12-11
2077,2012-12-12
2078,2012-12-13
2079,2012-12-18
2080,2012-12-19
2081,2012-12-20
2082,2012-12-25
2083,2012-12-26
2084,2012-12-27
2085,2013-01-08
2086,2013-01-09
2087,2013-01-10
2088,2013-01-15
2089,2013-01-16
2090,2013-01-17
2091,2013-01-22
2092,2013-01-23
2093,2013-01-24
2094,2013-01-29
2095,2013-01-30
2096,2013-02-05
2097,2013-02-06
2098,2013-02-07
2099,2013-02-19
2100,2013-02-20
2101,2013-02-21
2102,2013-02-26
2103,2013-02-27
2104,2013-03-05
2105,2013-03-06
2106,2013-03-07
2107,2013-03-12
2108,2013-03-13
2109,2013-03-14
2110,2013-03-19
2111,2013-03-20
2112,2013-03-21
2113,2013-03-26
2114,2013-03-27
2115,2013-03-28
2116,2013-04-02
2117,2013-04-09
2118,2013-04-10
2119,2013-04-11
2120,2013-04-16
2121,2013-04-17
2122,2013-04-18
2123,2013-04-23
2124,2013-04-24
2125,2013-04-25
2126,2013-05-07
2127,2013-05-08
2128,2013-05-09
2129,2013-05-14
2130,2013-05-15
2131,2013-05-16
2132,2013-05-21
2133,2013-05-22
2134,2013-05-23
2135,2013-05-28
2136,2013-05-29
2137,2013-05-30
2138,2013-06-04
2139,2013-06-05
2140,2013-06-06
2141,2013-06-18
2142,2013-06-19
2143,2013-06-20
2144,2013-06-25
2145,2013-06-26
2146,2013-06-27
2147,2013-07-02
2148,2013-07-03
2149,2013-07-04
2150,2013-07-09
2151,2013-07-10
2152,2013-07-11
2153,2013-07-16
2154,2013-07-17
2155,2013-07-18
2156,2013-07-23
2157,2013-07-24
2158,2013-07-25
2159,2013-07-30
2160,2013-08-06
2161,2013-08-07
2162,2013-08-08
2163,2013-08-13
2164,2013-08-14
2165,2013-08-15
2166,2013-08-20
2167,2013-08-21
2168,2013-08-22
2169,2013-08-27
2170,2013-08-28
2171,2013-08-29
2172,2013-09-03
2173,2013-09-04
2174,2013-09-05
2175,2013-09-10
2176,2013-09-11
2177,2013-09-12
2178,2013-09-17
2179,2013-09-24
2180,2013-09-25
2181,2013-09-26
2182,2013-10-09
2183,2013-10-10
2184,2013-10-15
2185,2013-10-16
2186,2013-10-17
2187,2013-10-22
2188,2013-10-23
2189,2013-10-24
2190,2013-10-29
2191,2013-10-30
2192,2013-11-05
2193,2013-11-06
2194,2013-11-07
2195,2013-11-12
2196,2013-11-13
2197,2013-11-14
2198,2013-11-19
2199,2013-11-20
2200,2013-11-21
2201,2013-11-26
2202,2013-11-27
2203,2013-11-28
2204,2013-12-03
2205,2013-12-04
2206,2013-12-05
2207,2013-12-10
2208,2013-12-11
2209,2013-12-12
2210,2013-12-17
2211,2013-12-18
2212,2013-12-19
2213,2013-12-24
2214,2013-12-25
2215,2013-12-26
2216,2014-01-07
2217,2014-01-08
2218,2014-01-09
2219,2014-01-14
2220,2014-01-15
2221,2014-01-16
2222,2014-01-21
2223,2014-01-22
2224,2014-01-23
2225,2014-01-28
2226,2014-01-29
2227,2014-02-11
2228,2014-02-12
2229,2014-02-13
2230,2014-02-18
2231,2014-02-19
2232,2014-02-20
2233,2014-02-25
2234,2014-02-26
2235,2014-02-27
2236,2014-03-04
2237,2014-03-05
2238,2014-03-06
2239,2014-03-11
2240,2014-03-12
2241,2014-03-13
2242,2014-03-18
2243,2014-03-19
2244,2014-03-20
2245,2014-03-25
2246,2014-03-26
2247,2014-03-27
2248,2014-04-02
2249,2014-04-03
2250,2014-04-09
2251,2014-04-10
2252,2014-04-15
2253,2014-04-16
2254,2014-04-17
2255,2014-04-22
2256,2014-04-23
2257,2014-04-24
2258,2014-04-29
2259,2014-05-06
2260,2014-05-07
2261,2014-05-08
2262,2014-05-13
2263,2014-05-14
2264,2014-05-15
2265,2014-05-20
2266,2014-05-21
2267,2014-05-22
2268,2014-05-27
2269,2014-05-28
2270,2014-05-29
2271,2014-06-04
2272,2014-06-05
2273,2014-06-10
2274,2014-06-11
2275,2014-06-12
2276,2014-06-17
2277,2014-06-18
2278,2014-06-19
2279,2014-06-24
2280,2014-06-25
2281,2014-06-26
2282,2014-07-02
2283,2014-07-03
2284,2014-07-08
2285,2014-07-09
2286,2014-07-10
2287,2014-07-15
2288,2014-07-16
2289,2014-07-17
2290,2014-07-22
2291,2014-07-23
2292,2014-07-24
2293,2014-07-29
2294,2014-07-30
2295,2014-08-05
2296,2014-08-06
2297,2014-08-07
2298,2014-08-12
2299,2014-08-13
2300,2014-08-14
2301,2014-08-19
2302,2014-08-20
2303,2014-08-21
2304,2014-08-26
2305,2014-08-27
2306,2014-08-28
2307,2014-09-02
2308,2014-09-03
2309,2014-09-04
2310,2014-09-10
2311,2014-09-11
2312,2014-09-16
2313,2014-09-17
2314,2014-09-18
2315,2014-09-23
2316,2014-09-24
2317,2014-09-25
2318,2014-10-09
2319,2014-10-14
2320,2014-10-15
2321,2014-10-16
2322,2014-10-21
2323,2014-10-22
2324,2014-10-23
2325,2014-10-28
2326,2014-10-29
2327,2014-10-30
2328,2014-11-04
2329,2014-11-05
2330,2014-11-06
2331,2014-11-11
2332,2014-11-12
2333,2014-11-13
2334,2014-11-18
2335,2014-11-19
2336,2014-11-20
2337,2014-11-25
2338,2014-11-26
2339,2014-11-27
2340,2014-12-02
2341,2014-12-03
2342,2014-12-04
2343,2014-12-09
2344,2014-12-10
2345,2014-12-11
2346,2014-12-16
2347,2014-12-17
2348,2014-12-18
2349,2014-12-23
2350,2014-12-24
2351,2014-12-25
2352,2014-12-30
2353,2015-01-06
2354,2015-01-07
2355,2015-01-08
2356,2015-01-13
2357,2015-01-14
2358,2015-01-15
2359,2015-01-20
2360,2015-01-21
2361,2015-01-22
2362,2015-01-27
2363,2015-01-28
2364,2015-01-29
2365,2015-02-03
2366,2015-02-04
2367,2015-02-05
2368,2015-02-10
2369,2015-02-11
2370,2015-02-12
2371,2015-02-26
2372,2015-03-03
2373,2015-03-04
2374,2015-03-05
2375,2015-03-10
2376,2015-03-11
2377,2015-03-12
2378,2015-03-17
2379,2015-03-18
2380,2015-03-19
2381,2015-03-24
2382,2015-03-25
2383,2015-03-26
2384,2015-04-02
2385,2015-04-08
2386,2015-04-09
2387,2015-04-14
2388,2015-04-15
2389,2015-04-16
2390,2015-04-21
2391,2015-04-22
2392,2015-04-23
2393,2015-04-28
2394,2015-04-29
2395,2015-05-05
2396,2015-05-06
2397,2015-05-07
2398,2015-05-12
2399,2015-05-13
2400,2015-05-14
2401,2015-05-19
2402,2015-05-20
2403,2015-05-21
2404,2015-05-26
2405,2015-05-27
2406,2015-05-28
2407,2015-06-02
2408,2015-06-03
2409,2015-06-04
2410,2015-06-09
2411,2015-06-10
2412,2015-06-11
2413,2015-06-16
2414,2015-06-17
2415,2015-06-18
2416,2015-06-24
2417,2015-06-25
2418,2015-07-02
2419,2015-07-07
2420,2015-07-08
2421,2015-07-09
2422,2015-07-14
2423,2015-07-15
2424,2015-07-16
2425,2015-07-21
2426,2015-07-22
2427,2015-07-23
2428,2015-07-28
2429,2015-07-29
2430,2015-07-30
2431,2015-08-04
2432,2015-08-05
2433,2015-08-06
2434,2015-08-11
2435,2015-08-12
2436,2015-08-13
2437,2015-08-18
2438,2015-08-19
2439,2015-08-20
2440,2015-08-25
2441,2015-08-26
2442,2015-08-27
2443,2015-09-08
2444,2015-09-09
2445,2015-09-10
2446,2015-09-15
2447,2015-09-16
2448,2015-09-17
2449,2015-09-22
2450,2015-09-23
2451,2015-09-24
2452,2015-09-29
2453,2015-10-13
2454,2015-10-14
2455,2015-10-15
2456,2015-10-20
2457,2015-10-21
2458,2015-10-22
2459,2015-10-27
2460,2015-10-28
2461,2015-10-29
2462,2015-11-03
2463,2015-11-04
2464,2015-11-05
2465,2015-11-10
2466,2015-11-11
2467,2015-11-12
2468,2015-11-17
2469,2015-11-18
2470,2015-11-19
2471,2015-11-24
2472,2015-11-25
2473,2015-11-26
2474,2015-12-02
2475,2015-12-03
2476,2015-12-08
2477,2015-12-09
2478,2015-12-10
2479,2015-12-15
2480,2015-12-16
2481,2015-12-17
2482,2015-12-22
2483,2015-12-23
2484,2015-12-24
2485,2015-12-29
2486,2015-12-30
2487,2016-01-05
2488,2016-01-06
2489,2016-01-07
2490,2016-01-12
2491,2016-01-13
2492,2016-01-14
2493,2016-01-19
2494,2016-01-20
2495,2016-01-21
2496,2016-01-26
2497,2016-01-27
2498,2016-01-28
2499,2016-02-02
2500,2016-02-03
2501,2016-02-04
2502,2016-02-16
2503,2016-02-17
2504,2016-02-18
2505,2016-02-23
2506,2016-02-24
2507,2016-02-25
2508,2016-03-02
2509,2016-03-03
2510,2016-03-08
2511,2016-03-09
2512,2016-03-10
2513,2016-03-15
2514,2016-03-16
2515,2016-03-17
2516,2016-03-22
2517,2016-03-23
2518,2016-03-24
2519,2016-03-29
2520,2016-03-30
2521,2016-04-06
2522,2016-04-07
2523,2016-04-12
2524,2016-04-13
2525,2016-04-14
2526,2016-04-19
2527,2016-04-20
2528,2016-04-21
2529,2016-04-26
2530,2016-04-27
2531,2016-04-28
2532,2016-05-04
2533,2016-05-05
2534,2016-05-10
2535,2016-05-11
2536,2016-05-12
2537,2016-05-17
2538,2016-05-18
2539,2016-05-19
2540,2016-05-24
2541,2016-05-25
2542,2016-05-26
2543,2016-06-02
2544,2016-06-07
2545,2016-06-14
2546,2016-06-15
2547,2016-06-16
2548,2016-06-21
2549,2016-06-22
2550,2016-06-23
2551,2016-06-28
2552,2016-06-29
2553,2016-07-05
2554,2016-07-06
2555,2016-07-07
2556,2016-07-12
2557,2016-07-13
2558,2016-07-14
2559,2016-07-19
2560,2016-07-20
2561,2016-07-21
2562,2016-07-26
2563,2016-07-27
2564,2016-07-28
2565,2016-08-02
2566,2016-08-03
2567,2016-08-04
2568,2016-08-09
2569,2016-08-10
2570,2016-08-11
2571,2016-08-16
2572,2016-08-17
2573,2016-08-18
2574,2016-08-23
2575,2016-08-24
2576,2016-08-25
2577,2016-08-30
2578,2016-09-06
2579,2016-09-07
2580,2016-09-08
2581,2016-09-13
2582,2016-09-20
2583,2016-09-21
2584,2016-09-22
2585,2016-09-27
2586,2016-09-28
2587,2016-09-29
2588,2016-10-11
2589,2016-10-12
2590,2016-10-13
2591,2016-10-18
2592,2016-10-19
2593,2016-10-20
2594,2016-10-25
2595,2016-10-26
2596,2016-10-27
2597,2016-11-02
2598,2016-11-03
2599,2016-11-08
2600,2016-11-09
2601,2016-11-10
2602,2016-11-15
2603,2016-11-16
2604,2016-11-17
2605,2016-11-22
2606,2016-11-23
2607,2016-11-24
2608,2016-11-29
2609,2016-12-06
2610,2016-12-07
2611,2016-12-08
2612,2016-12-13
2613,2016-12-14
2614,2016-12-15
2615,2016-12-20
2616,2016-12-21
2617,2016-12-22
2618,2016-12-27
2619,2016-12-28
2620,2016-12-29
2621,2017-01-04
2622,2017-01-05
2623,2017-01-10
2624,2017-01-11
2625,2017-01-12
2626,2017-01-17
2627,2017-01-18
2628,2017-01-19
2629,2017-01-24
2630,2017-01-25
2631,2017-02-07
2632,2017-02-08
2633,2017-02-09
2634,2017-02-14
2635,2017-02-15
2636,2017-02-16
2637,2017-02-21
2638,2017-02-22
2639,2017-02-23
2640,2017-03-02
2641,2017-03-07
2642,2017-03-08
2643,2017-03-09
2644,2017-03-14
2645,2017-03-15
2646,2017-03-16
2647,2017-03-21
2648,2017-03-22
2649,2017-03-23
2650,2017-03-28
2651,2017-03-29
2652,2017-03-30
2653,2017-04-06
2654,2017-04-11
2655,2017-04-12
2656,2017-04-13
2657,2017-04-18
2658,2017-04-19
2659,2017-04-20
2660,2017-04-25
2661,2017-04-26
2662,2017-04-27
2663,2017-05-03
2664,2017-05-04
2665,2017-05-09
2666,2017-05-10
2667,2017-05-11
2668,2017-05-16
2669,2017-05-17
2670,2017-05-18
2671,2017-05-23
2672,2017-05-24
2673,2017-05-25
2674,2017-06-06
2675,2017-06-07
2676,2017-06-08
2677,2017-06-13
2678,2017-06-14
2679,2017-06-15
2680,2017-06-20
2681,2017-06-21
2682,2017-06-22
2683,2017-06-27
2684,2017-06-28
2685,2017-06-29
2686,2017-07-04
2687,2017-07-05
2688,2017-07-06
2689,2017-07-11
2690,2017-07-12
2691,2017-07-13
2692,2017-07-18
2693,2017-07-19
2694,2017-07-20
2695,2017-07-25
2696,2017-07-26
2697,2017-07-27
2698,2017-08-02
2699,2017-08-03
2700,2017-08-08
2701,2017-08-09
2702,2017-08-10
2703,2017-08-15
2704,2017-08-16
2705,2017-08-17
2706,2017-08-22
2707,2017-08-23
2708,2017-08-24
2709,2017-08-29
2710,2017-08-30
2711,2017-09-05
2712,2017-09-06
2713,2017-09-07
2714,2017-09-12
2715,2017-09-13
2716,2017-09-14
2717,2017-09-19
2718,2017-09-20
2719,2017-09-21
2720,2017-09-26
2721,2017-09-27
2722,2017-09-28
2723,2017-10-10
2724,2017-10-11
2725,2017-10-12
2726,2017-10-17
2727,2017-10-18
2728,2017-10-19
2729,2017-10-24
2730,2017-10-25
2731,2017-10-26
2732,2017-11-02
2733,2017-11-07
2734,2017-11-08
2735,2017-11-09
2736,2017-11-14
2737,2017-11-15
2738,2017-11-16
2739,2017-11-21
2740,2017-11-22
2741,2017-11-23
2742,2017-11-28
2743,2017-11-29
2744,2017-12-05
2745,2017-12-06
2746,2017-12-07
2747,2017-12-12
2748,2017-12-13
2749,2017-12-14
2750,2017-12-19
2751,2017-12-20
2752,2017-12-21
2753,2017-12-26
2754,2017-12-27
2755,2017-12-28
2756,2018-01-03
2757,2018-01-04
2758,2018-01-09
2759,2018-01-10
2760,2018-01-11
2761,2018-01-16
2762,2018-01-17
2763,2018-01-18
2764,2018-01-23
2765,2018-01-24
2766,2018-01-25
2767,2018-01-30
2768,2018-02-06
2769,2018-02-07
2770,2018-02-08
2771,2018-02-13
2772,2018-02-27
2773,2018-03-06
2774,2018-03-07
2775,2018-03-08
2776,2018-03-13
2777,2018-03-14
2778,2018-03-15
2779,2018-03-20
2780,2018-03-21
2781,2018-03-22
2782,2018-03-27
2783,2018-03-28
2784,2018-03-29
2785,2018-04-03
2786,2018-04-10
2787,2018-04-11
2788,2018-04-12
2789,2018-04-17
2790,2018-04-18
2791,2018-04-19
2792,2018-04-24
2793,2018-04-25
2794,2018-04-26
2795,2018-05-03
2796,2018-05-08
2797,2018-05-09
2798,2018-05-10
2799,2018-05-15
2800,2018-05-16
2801,2018-05-17
2802,2018-05-22
2803,2018-05-23
2804,2018-05-24
2805,2018-05-29
2806,2018-05-30
2807,2018-06-05
2808,2018-06-06
2809,2018-06-07
2810,2018-06-12
2811,2018-06-13
2812,2018-06-14
2813,2018-06-20
2814,2018-06-21
2815,2018-06-26
2816,2018-06-27
2817,2018-06-28
2818,2018-07-03
2819,2018-07-04
2820,2018-07-05
2821,2018-07-10
2822,2018-07-11
2823,2018-07-12
2824,2018-07-17
2825,2018-07-18
2826,2018-07-19
2827,2018-07-24
2828,2018-07-25
2829,2018-07-26
2830,2018-08-02
2831,2018-08-07
2832,2018-08-08
2833,2018-08-09
2834,2018-08-14
2835,2018-08-15
2836,2018-08-16
2837,2018-08-21
2838,2018-08-22
2839,2018-08-23
2840,2018-08-28
2841,2018-08-29
2842,2018-08-30
2843,2018-09-04
2844,2018-09-05
2845,2018-09-06
2846,2018-09-11
2847,2018-09-12
2848,2018-09-13
2849,2018-09-18
2850,2018-09-19
2851,2018-09-20
2852,2018-09-26
2853,2018-09-27
2854,2018-10-09
2855,2018-10-10
2856,2018-10-11
2857,2018-10-16
2858,2018-10-17
2859,2018-10-18
2860,2018-10-23
2861,2018-10-24
2862,2018-10-25
2863,2018-10-30
2864,2018-11-06
2865,2018-11-07
2866,2018-11-08
2867,2018-11-13
2868,2018-11-14
2869,2018-11-15
2870,2018-11-20
2871,2018-11-21
2872,2018-11-22
2873,2018-11-27
2874,2018-11-28
2875,2018-11-29
2876,2018-12-04
2877,2018-12-05
2878,2018-12-06
2879,2018-12-11
2880,2018-12-12
2881,2018-12-13
2882,2018-12-18
2883,2018-12-19
2884,2018-12-20
2885,2018-12-25
2886,2018-12-26
2887,2018-12-27
2888,2019-01-03
2889,2019-01-08
2890,2019-01-09
2891,2019-01-10
2892,2019-01-15
2893,2019-01-16
2894,2019-01-17
2895,2019-01-22
2896,2019-01-23
2897,2019-01-24
2898,2019-01-29
2899,2019-01-30
2900,2019-02-12
2901,2019-02-13
2902,2019-02-14
2903,2019-02-19
2904,2019-02-20
2905,2019-02-21
2906,2019-02-26
2907,2019-02-27
2908,2019-03-05
2909,2019-03-06
2910,2019-03-07
2911,2019-03-12
2912,2019-03-13
2913,2019-03-14
2914,2019-03-19
2915,2019-03-20
2916,2019-03-21
2917,2019-03-26
2918,2019-03-27
2919,2019-03-28
2920,2019-04-02
2921,2019-04-03
2922,2019-04-09
2923,2019-04-10
2924,2019-04-11
2925,2019-04-16
2926,2019-04-17
2927,2019-04-18
2928,2019-04-23
2929,2019-04-24
2930,2019-04-25
2931,2019-05-07
2932,2019-05-08
2933,2019-05-09
2934,2019-05-14
2935,2019-05-15
2936,2019-05-16
2937,2019-05-21
2938,2019-05-22
2939,2019-05-23
2940,2019-05-28
2941,2019-05-29
2942,2019-05-30
2943,1997-07-21
2944,1997-07-28
2945,1997-08-04
2946,1997-08-11
2947,1997-08-18
2948,1997-08-25
2949,1997-09-08
2950,1997-09-15
2951,1997-09-22
2952,1997-09-29
2953,1997-10-13
2954,1997-10-20
2955,1997-10-27
2956,1997-11-10
2957,1997-11-17
2958,1997-11-24
2959,1997-12-08
2960,1997-12-15
2961,1997-12-22
2962,1997-12-29
2963,1998-01-12
2964,1998-01-19
2965,1998-02-16
2966,1998-02-23
2967,1998-03-09
2968,1998-03-16
2969,1998-03-23
2970,1998-03-30
2971,1998-04-06
2972,1998-04-13
2973,1998-04-20
2974,1998-04-27
2975,1998-05-11
2976,1998-05-18
2977,1998-05-25
2978,1998-06-08
2979,1998-06-15
2980,1998-06-22
2981,1998-06-29
2982,1998-07-06
2983,1998-07-13
2984,1998-07-20
2985,1998-07-27
2986,1998-08-10
2987,1998-08-17
2988,1998-08-24
2989,1998-09-07
2990,1998-09-14
2991,1998-09-21
2992,1998-09-28
2993,1998-10-12
2994,1998-10-19
2995,1998-10-26
2996,1998-11-09
2997,1998-11-16
2998,1998-11-23
2999,1998-12-07
3000,1998-12-14
3001,1998-12-21
3002,1998-12-28
3003,1999-01-11
3004,1999-01-18
3005,1999-01-25
3006,1999-02-08
3007,1999-03-08
3008,1999-03-15
3009,1999-03-22
3010,1999-03-29
3011,1999-04-05
3012,1999-04-12
3013,1999-04-19
3014,1999-04-26
3015,1999-05-10
3016,1999-05-17
3017,1999-05-24
3018,1999-06-07
3019,1999-06-14
3020,1999-06-21
3021,1999-06-28
3022,1999-07-05
3023,1999-07-12
3024,1999-07-19
3025,1999-07-26
3026,1999-08-09
3027,1999-08-16
3028,1999-08-23
3029,1999-08-30
3030,1999-09-06
3031,1999-09-13
3032,1999-09-20
3033,1999-09-27
3034,1999-10-11
3035,1999-10-18
3036,1999-10-25
3037,1999-11-08
3038,1999-11-15
3039,1999-11-22
3040,1999-11-29
3041,1999-12-06
3042,1999-12-13
3043,1999-12-21
3044,1999-12-27
3045,2000-01-10
3046,2000-01-17
3047,2000-01-24
3048,2000-02-21
3049,2000-02-28
3050,2000-03-06
3051,2000-03-13
3052,2000-03-20
3053,2000-03-27
3054,2000-04-10
3055,2000-04-17
3056,2000-04-24
3057,2000-05-15
3058,2000-05-22
3059,2000-05-29
3060,2000-06-05
3061,2000-06-12
3062,2000-06-19
3063,2000-06-26
3064,2000-07-10
3065,2000-07-17
3066,2000-07-24
3067,2000-08-07
3068,2000-08-14
3069,2000-08-21
3070,2000-08-28
3071,2000-09-04
3072,2000-09-11
3073,2000-09-18
3074,2000-09-25
3075,2000-10-16
3076,2000-10-23
3077,2000-10-30
3078,2000-11-06
3079,2000-11-13
3080,2000-11-20
3081,2000-11-27
3082,2000-12-04
3083,2000-12-11
3084,2000-12-18
3085,2000-12-25
3086,2001-01-08
3087,2001-01-15
3088,2001-02-12
3089,2001-02-19
3090,2001-02-26
3091,2001-03-05
3092,2001-03-12
3093,2001-03-19
3094,2001-03-26
3095,2001-04-09
3096,2001-04-16
3097,2001-04-23
3098,2001-05-14
3099,2001-05-21
3100,2001-05-28
3101,2001-06-04
3102,2001-06-11
3103,2001-06-18
3104,2001-06-25
3105,2001-07-09
3106,2001-07-16
3107,2001-07-23
3108,2001-07-30
3109,2001-08-06
3110,2001-08-13
3111,2001-08-20
3112,2001-08-27
3113,2001-09-10
3114,2001-09-17
3115,2001-09-24
3116,2001-10-15
3117,2001-10-22
3118,2001-10-29
3119,2001-11-05
3120,2001-11-12
3121,2001-11-19
3122,2001-11-26
3123,2001-12-10
3124,2001-12-17
3125,2001-12-24
3126,2002-01-07
3127,2002-01-14
3128,2002-01-21
3129,2002-01-28
3130,2002-02-04
3131,2002-02-25
3132,2002-03-04
3133,2002-03-11
3134,2002-03-18
3135,2002-03-25
3136,2002-04-08
3137,2002-04-15
3138,2002-04-22
3139,2002-04-29
3140,2002-05-13
3141,2002-05-20
3142,2002-05-27
3143,2002-06-10
3144,2002-06-17
3145,2002-06-24
3146,2002-07-08
3147,2002-07-15
3148,2002-07-22
3149,2002-07-29
3150,2002-08-05
3151,2002-08-12
3152,2002-08-19
3153,2002-08-26
3154,2002-09-09
3155,2002-09-16
3156,2002-09-23
3157,2002-10-14
3158,2002-10-21
3159,2002-10-28
3160,2002-11-04
3161,2002-11-11
3162,2002-11-18
3163,2002-11-25
3164,2002-12-09
3165,2002-12-16
3166,2002-12-23
3167,2002-12-30
3168,2003-01-06
3169,2003-01-13
3170,2003-01-20
3171,2003-01-27
3172,2003-02-17
3173,2003-02-24
3174,2003-03-10
3175,2003-03-17
3176,2003-03-24
3177,2003-04-07
3178,2003-04-14
3179,2003-04-21
3180,2003-04-28
3181,2003-05-19
3182,2003-05-26
3183,2003-06-09
3184,2003-06-16
3185,2003-06-23
3186,2003-07-07
3187,2003-07-14
3188,2003-07-21
3189,2003-07-28
3190,2003-08-04
3191,2003-08-11
3192,2003-08-18
3193,2003-08-25
3194,2003-09-08
3195,2003-09-15
3196,2003-09-22
3197,2003-09-29
3198,2003-10-13
3199,2003-10-20
3200,2003-10-27
3201,2003-11-10
3202,2003-11-17
3203,2003-11-24
3204,2003-12-08
3205,2003-12-15
3206,2003-12-22
3207,2003-12-29
3208,2004-01-05
3209,2004-01-12
3210,2004-01-29
3211,2004-02-09
3212,2004-02-16
3213,2004-02-23
3214,2004-03-08
3215,2004-03-15
3216,2004-03-22
3217,2004-03-29
3218,2004-04-05
3219,2004-04-12
3220,2004-04-19
3221,2004-04-26
3222,2004-05-17
3223,2004-05-24
3224,2004-06-07
3225,2004-06-14
3226,2004-06-21
3227,2004-06-28
3228,2004-07-05
3229,2004-07-12
3230,2004-07-19
3231,2004-07-26
3232,2004-08-09
3233,2004-08-16
3234,2004-08-23
3235,2004-08-30
3236,2004-09-06
3237,2004-09-13
3238,2004-09-20
3239,2004-09-27
3240,2004-10-11
3241,2004-10-18
3242,2004-10-25
3243,2004-11-08
3244,2004-11-15
3245,2004-11-22
3246,2004-11-29
3247,2004-12-06
3248,2004-12-13
3249,2004-12-20
3250,2004-12-27
3251,2005-01-10
3252,2005-01-17
3253,2005-01-24
3254,2005-02-16
3255,2005-02-21
3256,2005-03-07
3257,2005-03-14
3258,2005-03-21
3259,2005-03-28
3260,2005-04-04
3261,2005-04-11
3262,2005-04-18
3263,2005-04-25
3264,2005-05-16
3265,2005-05-23
3266,2005-05-30
3267,2005-06-06
3268,2005-06-13
3269,2005-06-20
3270,2005-06-27
3271,2005-07-04
3272,2005-07-11
3273,2005-07-18
3274,2005-07-25
3275,2005-08-08
3276,2005-08-15
3277,2005-08-22
3278,2005-08-29
3279,2005-09-05
3280,2005-09-12
3281,2005-09-19
3282,2005-09-26
3283,2005-10-17
3284,2005-10-24
3285,2005-11-07
3286,2005-11-14
3287,2005-11-21
3288,2005-11-28
3289,2005-12-05
3290,2005-12-12
3291,2005-12-19
3292,2005-12-26
3293,2006-01-09
3294,2006-01-16
3295,2006-01-23
3296,2006-02-13
3297,2006-02-20
3298,2006-02-27
3299,2006-03-06
3300,2006-03-13
3301,2006-03-20
3302,2006-03-27
3303,2006-04-10
3304,2006-04-17
3305,2006-04-24
3306,2006-05-15
3307,2006-05-22
3308,2006-05-29
3309,2006-06-05
3310,2006-06-12
3311,2006-06-19
3312,2006-06-26
3313,2006-07-10
3314,2006-07-17
3315,2006-07-24
3316,2006-08-07
3317,2006-08-14
3318,2006-08-21
3319,2006-08-28
3320,2006-09-04
3321,2006-09-11
3322,2006-09-18
3323,2006-09-25
3324,2006-10-16
3325,2006-10-23
3326,2006-10-30
3327,2006-11-06
3328,2006-11-13
3329,2006-11-20
3330,2006-11-27
3331,2006-12-04
3332,2006-12-11
3333,2006-12-18
3334,2006-12-25
3335,2007-01-08
3336,2007-01-15
3337,2007-01-22
3338,2007-01-29
3339,2007-02-05
3340,2007-02-12
3341,2007-02-26
3342,2007-03-05
3343,2007-03-12
3344,2007-03-19
3345,2007-03-26
3346,2007-04-09
3347,2007-04-16
3348,2007-04-23
3349,2007-05-14
3350,2007-05-21
3351,2007-05-28
3352,2007-06-04
3353,2007-06-11
3354,2007-06-18
3355,2007-06-25
3356,2007-07-09
3357,2007-07-16
3358,2007-07-23
3359,2007-07-30
3360,2007-08-06
3361,2007-08-13
3362,2007-08-20
3363,2007-08-27
3364,2007-09-10
3365,2007-09-17
3366,2007-09-24
3367,2007-10-15
3368,2007-10-22
3369,2007-10-29
3370,2007-11-05
3371,2007-11-12
3372,2007-11-19
3373,2007-11-26
3374,2007-12-10
3375,2007-12-17
3376,2007-12-24
3377,2008-01-07
3378,2008-01-14
3379,2008-01-21
3380,2008-01-28
3381,2008-02-04
3382,2008-02-13
3383,2008-02-18
3384,2008-02-25
3385,2008-03-10
3386,2008-03-17
3387,2008-03-24
3388,2008-04-07
3389,2008-04-14
3390,2008-04-21
3391,2008-04-28
3392,2008-05-12
3393,2008-05-19
3394,2008-05-26
3395,2008-06-10
3396,2008-06-16
3397,2008-06-23
3398,2008-07-07
3399,2008-07-14
3400,2008-07-21
3401,2008-07-28
3402,2008-08-04
3403,2008-08-11
3404,2008-08-18
3405,2008-08-25
3406,2008-09-08
3407,2008-09-16
3408,2008-09-22
3409,2008-10-13
3410,2008-10-20
3411,2008-10-27
3412,2008-11-10
3413,2008-11-17
3414,2008-11-24
3415,2008-12-08
3416,2008-12-15
3417,2008-12-22
3418,2008-12-29
3419,2009-01-12
3420,2009-01-19
3421,2009-02-09
3422,2009-02-16
3423,2009-02-23
3424,2009-03-09
3425,2009-03-16
3426,2009-03-23
3427,2009-03-30
3428,2009-04-07
3429,2009-04-13
3430,2009-04-20
3431,2009-04-27
3432,2009-05-11
3433,2009-05-18
3434,2009-05-25
3435,2009-06-08
3436,2009-06-15
3437,2009-06-22
3438,2009-06-29
3439,2009-07-06
3440,2009-07-13
3441,2009-07-20
3442,2009-07-27
3443,2009-08-10
3444,2009-08-17
3445,2009-08-24
3446,2009-09-07
3447,2009-09-14
3448,2009-09-21
3449,2009-09-28
3450,2009-10-12
3451,2009-10-19
3452,2009-10-26
3453,2009-11-09
3454,2009-11-16
3455,2009-11-23
3456,2009-12-07
3457,2009-12-14
3458,2009-12-21
3459,2009-12-28
3460,2010-01-11
3461,2010-01-18
3462,2010-01-25
3463,2010-02-08
3464,2010-02-22
3465,2010-03-08
3466,2010-03-15
3467,2010-03-22
3468,2010-03-29
3469,2010-04-06
3470,2010-04-12
3471,2010-04-19
3472,2010-04-26
3473,2010-05-10
3474,2010-05-17
3475,2010-05-24
3476,2010-06-07
3477,2010-06-17
3478,2010-06-21
3479,2010-06-28
3480,2010-07-05
3481,2010-07-12
3482,2010-07-19
3483,2010-07-26
3484,2010-08-09
3485,2010-08-16
3486,2010-08-23
3487,2010-08-30
3488,2010-09-06
3489,2010-09-13
3490,2010-09-20
3491,2010-09-27
3492,2010-10-11
3493,2010-10-18
3494,2010-10-25
3495,2010-11-08
3496,2010-11-15
3497,2010-11-22
3498,2010-11-29
3499,2010-12-06
3500,2010-12-13
3501,2010-12-20
3502,2010-12-27
3503,2011-01-10
3504,2011-01-17
3505,2011-01-24
3506,2011-02-09
3507,2011-02-14
3508,2011-02-21
3509,2011-03-07
3510,2011-03-14
3511,2011-03-21
3512,2011-03-28
3513,2011-04-06
3514,2011-04-11
3515,2011-04-18
3516,2011-04-25
3517,2011-05-09
3518,2011-05-16
3519,2011-05-23
3520,2011-05-30
3521,2011-06-07
3522,2011-06-13
3523,2011-06-20
3524,2011-06-27
3525,2011-07-04
3526,2011-07-11
3527,2011-07-18
3528,2011-07-25
3529,2011-08-08
3530,2011-08-15
3531,2011-08-22
3532,2011-08-29
3533,2011-09-05
3534,2011-09-13
3535,2011-09-19
3536,2011-09-26
3537,2011-10-17
3538,2011-10-24
3539,2011-11-07
3540,2011-11-14
3541,2011-11-21
3542,2011-11-28
3543,2011-12-05
3544,2011-12-12
3545,2011-12-19
3546,2011-12-26
3547,2012-01-09
3548,2012-01-16
3549,2012-01-30
3550,2012-02-06
3551,2012-02-13
3552,2012-02-20
3553,2012-02-27
3554,2012-03-05
3555,2012-03-12
3556,2012-03-19
3557,2012-03-26
3558,2012-04-09
3559,2012-04-16
3560,2012-04-23
3561,2012-05-07
3562,2012-05-14
3563,2012-05-21
3564,2012-05-28
3565,2012-06-04
3566,2012-06-11
3567,2012-06-18
3568,2012-06-25
3569,2012-07-09
3570,2012-07-16
3571,2012-07-23
3572,2012-07-30
3573,2012-08-06
3574,2012-08-13
3575,2012-08-20
3576,2012-08-27
3577,2012-09-10
3578,2012-09-17
3579,2012-09-24
3580,2012-10-15
3581,2012-10-22
3582,2012-10-29
3583,2012-11-05
3584,2012-11-12
3585,2012-11-19
3586,2012-11-26
3587,2012-12-10
3588,2012-12-17
3589,2012-12-24
3590,2013-01-07
3591,2013-01-14
3592,2013-01-21
3593,2013-01-28
3594,2013-02-04
3595,2013-02-18
3596,2013-02-25
3597,2013-03-04
3598,2013-03-11
3599,2013-03-18
3600,2013-03-25
3601,2013-04-08
3602,2013-04-15
3603,2013-04-22
3604,2013-05-06
3605,2013-05-13
3606,2013-05-20
3607,2013-05-27
3608,2013-06-13
3609,2013-06-17
3610,2013-06-24
3611,2013-07-08
3612,2013-07-15
3613,2013-07-22
3614,2013-07-29
3615,2013-08-05
3616,2013-08-12
3617,2013-08-19
3618,2013-08-26
3619,2013-09-09
3620,2013-09-16
3621,2013-09-23
3622,2013-10-14
3623,2013-10-21
3624,2013-10-28
3625,2013-11-04
3626,2013-11-11
3627,2013-11-18
3628,2013-11-25
3629,2013-12-09
3630,2013-12-16
3631,2013-12-23
3632,2013-12-30
3633,2014-01-06
3634,2014-01-13
3635,2014-01-20
3636,2014-01-27
3637,2014-02-10
3638,2014-02-17
3639,2014-02-24
3640,2014-03-10
3641,2014-03-17
3642,2014-03-24
3643,2014-04-08
3644,2014-04-14
3645,2014-04-21
3646,2014-04-28
3647,2014-05-12
3648,2014-05-19
3649,2014-05-26
3650,2014-06-09
3651,2014-06-16
3652,2014-06-23
3653,2014-07-07
3654,2014-07-14
3655,2014-07-21
3656,2014-07-28
3657,2014-08-04
3658,2014-08-11
3659,2014-08-18
3660,2014-08-25
3661,2014-09-09
3662,2014-09-15
3663,2014-09-22
3664,2014-09-29
3665,2014-10-13
3666,2014-10-20
3667,2014-10-27
3668,2014-11-10
3669,2014-11-17
3670,2014-11-24
3671,2014-12-08
3672,2014-12-15
3673,2014-12-22
3674,2014-12-29
3675,2015-01-12
3676,2015-01-19
3677,2015-01-26
3678,2015-02-09
3679,2015-02-16
3680,2015-02-25
3681,2015-03-09
3682,2015-03-16
3683,2015-03-23
3684,2015-03-30
3685,2015-04-07
3686,2015-04-13
3687,2015-04-20
3688,2015-04-27
3689,2015-05-11
3690,2015-05-18
3691,2015-05-25
3692,2015-06-08
3693,2015-06-15
3694,2015-06-23
3695,2015-06-29
3696,2015-07-06
3697,2015-07-13
3698,2015-07-20
3699,2015-07-27
3700,2015-08-10
3701,2015-08-17
3702,2015-08-24
3703,2015-09-07
3704,2015-09-14
3705,2015-09-21
3706,2015-09-28
3707,2015-10-12
3708,2015-10-19
3709,2015-10-26
3710,2015-11-09
3711,2015-11-16
3712,2015-11-23
3713,2015-12-07
3714,2015-12-14
3715,2015-12-21
3716,2015-12-28
3717,2016-01-11
3718,2016-01-18
3719,2016-01-25
3720,2016-02-15
3721,2016-02-22
3722,2016-03-07
3723,2016-03-14
3724,2016-03-21
3725,2016-03-28
3726,2016-04-05
3727,2016-04-11
3728,2016-04-18
3729,2016-04-25
3730,2016-05-09
3731,2016-05-16
3732,2016-05-23
3733,2016-05-30
3734,2016-06-06
3735,2016-06-13
3736,2016-06-20
3737,2016-06-27
3738,2016-07-04
3739,2016-07-11
3740,2016-07-18
3741,2016-07-25
3742,2016-08-08
3743,2016-08-15
3744,2016-08-22
3745,2016-08-29
3746,2016-09-05
3747,2016-09-12
3748,2016-09-19
3749,2016-09-26
3750,2016-10-17
3751,2016-10-24
3752,2016-11-07
3753,2016-11-14
3754,2016-11-21
3755,2016-11-28
3756,2016-12-05
3757,2016-12-12
3758,2016-12-19
3759,2016-12-26
3760,2017-01-09
3761,2017-01-16
3762,2017-01-23
3763,2017-02-06
3764,2017-02-13
3765,2017-02-20
3766,2017-02-27
3767,2017-03-06
3768,2017-03-13
3769,2017-03-20
3770,2017-03-27
3771,2017-04-10
3772,2017-04-17
3773,2017-04-24
3774,2017-05-08
3775,2017-05-15
3776,2017-05-22
3777,2017-06-05
3778,2017-06-12
3779,2017-06-19
3780,2017-06-26
3781,2017-07-10
3782,2017-07-17
3783,2017-07-24
3784,2017-08-07
3785,2017-08-14
3786,2017-08-21
3787,2017-08-28
3788,2017-09-04
3789,2017-09-11
3790,2017-09-18
3791,2017-09-25
3792,2017-10-16
3793,2017-10-23
3794,2017-10-30
3795,2017-11-06
3796,2017-11-13
3797,2017-11-20
3798,2017-11-27
3799,2017-12-04
3800,2017-12-11
3801,2017-12-18
3802,2017-12-25
3803,2018-01-08
3804,2018-01-15
3805,2018-01-22
3806,2018-01-29
3807,2018-02-05
3808,2018-02-12
3809,2018-02-22
3810,2018-02-26
3811,2018-03-05
3812,2018-03-12
3813,2018-03-19
3814,2018-03-26
3815,2018-04-09
3816,2018-04-16
3817,2018-04-23
3818,2018-05-07
3819,2018-05-14
3820,2018-05-21
3821,2018-05-28
3822,2018-06-04
3823,2018-06-11
3824,2018-06-19
3825,2018-06-25
3826,2018-07-09
3827,2018-07-16
3828,2018-07-23
3829,2018-07-30
3830,2018-08-06
3831,2018-08-13
3832,2018-08-20
3833,2018-08-27
3834,2018-09-10
3835,2018-09-17
3836,2018-09-25
3837,2018-10-15
3838,2018-10-22
3839,2018-10-29
3840,2018-11-05
3841,2018-11-12
3842,2018-11-19
3843,2018-11-26
3844,2018-12-10
3845,2018-12-17
3846,2018-12-24
3847,2019-01-07
3848,2019-01-14
3849,2019-01-21
3850,2019-01-28
3851,2019-02-11
3852,2019-02-18
3853,2019-02-25
3854,2019-03-04
3855,2019-03-11
3856,2019-03-18
3857,2019-03-25
3858,2019-04-08
3859,2019-04-15
3860,2019-04-22
3861,2019-04-29
3862,2019-05-13
3863,2019-05-20
3864,2019-05-27
3865,1997-07-18
3866,1997-07-25
3867,1997-08-08
3868,1997-08-15
3869,1997-08-22
3870,1997-09-05
3871,1997-09-12
3872,1997-09-19
3873,1997-09-26
3874,1997-10-10
3875,1997-10-17
3876,1997-10-24
3877,1997-11-07
3878,1997-11-14
3879,1997-11-21
3880,1997-12-05
3881,1997-12-12
3882,1997-12-19
3883,1997-12-26
3884,1998-01-09
3885,1998-01-16
3886,1998-02-13
3887,1998-02-20
3888,1998-03-06
3889,1998-03-13
3890,1998-03-20
3891,1998-03-27
3892,1998-04-03
3893,1998-04-10
3894,1998-04-17
3895,1998-04-24
3896,1998-05-08
3897,1998-05-15
3898,1998-05-22
3899,1998-06-05
3900,1998-06-12
3901,1998-06-19
3902,1998-06-26
3903,1998-07-03
3904,1998-07-10
3905,1998-07-17
3906,1998-07-24
3907,1998-08-07
3908,1998-08-14
3909,1998-08-21
3910,1998-08-28
3911,1998-09-04
3912,1998-09-11
3913,1998-09-18
3914,1998-09-25
3915,1998-10-09
3916,1998-10-16
3917,1998-10-23
3918,1998-11-06
3919,1998-11-13
3920,1998-11-20
3921,1998-11-27
3922,1998-12-04
3923,1998-12-11
3924,1998-12-18
3925,1998-12-25
3926,1999-01-08
3927,1999-01-15
3928,1999-01-22
3929,1999-02-05
3930,1999-03-05
3931,1999-03-12
3932,1999-03-19
3933,1999-03-26
3934,1999-04-02
3935,1999-04-09
3936,1999-04-16
3937,1999-04-23
3938,1999-05-07
3939,1999-05-14
3940,1999-05-21
3941,1999-05-28
3942,1999-06-04
3943,1999-06-11
3944,1999-06-18
3945,1999-06-25
3946,1999-07-02
3947,1999-07-09
3948,1999-07-16
3949,1999-07-23
3950,1999-08-06
3951,1999-08-13
3952,1999-08-20
3953,1999-08-27
3954,1999-09-03
3955,1999-09-10
3956,1999-09-17
3957,1999-09-24
3958,1999-10-15
3959,1999-10-22
3960,1999-11-05
3961,1999-11-12
3962,1999-11-19
3963,1999-11-26
3964,1999-12-03
3965,1999-12-10
3966,1999-12-17
3967,1999-12-24
3968,2000-01-07
3969,2000-01-14
3970,2000-01-21
3971,2000-02-18
3972,2000-02-25
3973,2000-03-03
3974,2000-03-10
3975,2000-03-17
3976,2000-03-24
3977,2000-04-07
3978,2000-04-14
3979,2000-04-21
3980,2000-05-12
3981,2000-05-19
3982,2000-05-26
3983,2000-06-02
3984,2000-06-09
3985,2000-06-16
3986,2000-06-23
3987,2000-07-07
3988,2000-07-14
3989,2000-07-21
3990,2000-07-28
3991,2000-08-04
3992,2000-08-11
3993,2000-08-18
3994,2000-08-25
3995,2000-09-08
3996,2000-09-15
3997,2000-09-22
3998,2000-10-13
3999,2000-10-20
4000,2000-10-27
4001,2000-11-03
4002,2000-11-10
4003,2000-11-17
4004,2000-11-24
4005,2000-12-08
4006,2000-12-15
4007,2000-12-22
4008,2001-01-05
4009,2001-01-12
4010,2001-02-09
4011,2001-02-16
4012,2001-02-23
4013,2001-03-02
4014,2001-03-09
4015,2001-03-16
4016,2001-03-23
4017,2001-04-06
4018,2001-04-13
4019,2001-04-20
4020,2001-04-27
4021,2001-05-11
4022,2001-05-18
4023,2001-05-25
4024,2001-06-08
4025,2001-06-15
4026,2001-06-22
4027,2001-07-06
4028,2001-07-13
4029,2001-07-20
4030,2001-07-27
4031,2001-08-03
4032,2001-08-10
4033,2001-08-17
4034,2001-08-24
4035,2001-09-07
4036,2001-09-14
4037,2001-09-21
4038,2001-10-12
4039,2001-10-19
4040,2001-10-26
4041,2001-11-02
4042,2001-11-09
4043,2001-11-16
4044,2001-11-23
4045,2001-12-07
4046,2001-12-14
4047,2001-12-21
4048,2001-12-28
4049,2002-01-11
4050,2002-01-18
4051,2002-01-25
4052,2002-02-08
4053,2002-03-08
4054,2002-03-15
4055,2002-03-22
4056,2002-04-05
4057,2002-04-12
4058,2002-04-19
4059,2002-04-26
4060,2002-05-10
4061,2002-05-17
4062,2002-05-24
4063,2002-06-07
4064,2002-06-14
4065,2002-06-21
4066,2002-07-05
4067,2002-07-12
4068,2002-07-19
4069,2002-07-26
4070,2002-08-02
4071,2002-08-09
4072,2002-08-16
4073,2002-08-23
4074,2002-09-06
4075,2002-09-13
4076,2002-09-20
4077,2002-10-11
4078,2002-10-18
4079,2002-10-25
4080,2002-11-08
4081,2002-11-15
4082,2002-11-22
4083,2002-12-06
4084,2002-12-13
4085,2002-12-20
4086,2002-12-27
4087,2003-01-03
4088,2003-01-10
4089,2003-01-17
4090,2003-01-24
4091,2003-02-14
4092,2003-02-21
4093,2003-03-07
4094,2003-03-14
4095,2003-03-21
4096,2003-03-28
4097,2003-04-04
4098,2003-04-11
4099,2003-04-18
4100,2003-04-25
4101,2003-05-16
4102,2003-05-23
4103,2003-06-06
4104,2003-06-13
4105,2003-06-20
4106,2003-06-27
4107,2003-07-04
4108,2003-07-11
4109,2003-07-18
4110,2003-07-25
4111,2003-08-08
4112,2003-08-15
4113,2003-08-22
4114,2003-09-05
4115,2003-09-12
4116,2003-09-19
4117,2003-09-26
4118,2003-10-10
4119,2003-10-17
4120,2003-10-24
4121,2003-11-07
4122,2003-11-14
4123,2003-11-21
4124,2003-12-05
4125,2003-12-12
4126,2003-12-19
4127,2003-12-26
4128,2004-01-09
4129,2004-01-16
4130,2004-02-06
4131,2004-02-13
4132,2004-02-20
4133,2004-03-05
4134,2004-03-12
4135,2004-03-19
4136,2004-03-26
4137,2004-04-02
4138,2004-04-09
4139,2004-04-16
4140,2004-04-23
4141,2004-05-14
4142,2004-05-21
4143,2004-05-28
4144,2004-06-04
4145,2004-06-11
4146,2004-06-18
4147,2004-06-25
4148,2004-07-02
4149,2004-07-09
4150,2004-07-16
4151,2004-07-23
4152,2004-08-06
4153,2004-08-13
4154,2004-08-20
4155,2004-08-27
4156,2004-09-03
4157,2004-09-10
4158,2004-09-17
4159,2004-09-24
4160,2004-10-15
4161,2004-10-22
4162,2004-11-05
4163,2004-11-12
4164,2004-11-19
4165,2004-11-26
4166,2004-12-03
4167,2004-12-10
4168,2004-12-17
4169,2004-12-24
4170,2005-01-07
4171,2005-01-14
4172,2005-01-21
4173,2005-01-28
4174,2005-02-04
4175,2005-02-18
4176,2005-02-25
4177,2005-03-04
4178,2005-03-11
4179,2005-03-18
4180,2005-03-25
4181,2005-04-08
4182,2005-04-15
4183,2005-04-22
4184,2005-05-13
4185,2005-05-20
4186,2005-05-27
4187,2005-06-03
4188,2005-06-10
4189,2005-06-17
4190,2005-06-24
4191,2005-07-08
4192,2005-07-15
4193,2005-07-22
4194,2005-08-05
4195,2005-08-12
4196,2005-08-19
4197,2005-08-26
4198,2005-09-02
4199,2005-09-09
4200,2005-09-16
4201,2005-09-23
4202,2005-10-14
4203,2005-10-21
4204,2005-10-28
4205,2005-11-04
4206,2005-11-11
4207,2005-11-18
4208,2005-11-25
4209,2005-12-02
4210,2005-12-09
4211,2005-12-16
4212,2005-12-23
4213,2006-01-06
4214,2006-01-13
4215,2006-01-20
4216,2006-02-10
4217,2006-02-17
4218,2006-02-24
4219,2006-03-03
4220,2006-03-10
4221,2006-03-17
4222,2006-03-24
4223,2006-04-07
4224,2006-04-14
4225,2006-04-21
4226,2006-05-12
4227,2006-05-19
4228,2006-05-26
4229,2006-06-02
4230,2006-06-09
4231,2006-06-16
4232,2006-06-23
4233,2006-07-07
4234,2006-07-14
4235,2006-07-21
4236,2006-07-28
4237,2006-08-04
4238,2006-08-11
4239,2006-08-18
4240,2006-08-25
4241,2006-09-08
4242,2006-09-15
4243,2006-09-22
4244,2006-10-13
4245,2006-10-20
4246,2006-10-27
4247,2006-11-03
4248,2006-11-10
4249,2006-11-17
4250,2006-11-24
4251,2006-12-08
4252,2006-12-15
4253,2006-12-22
4254,2007-01-05
4255,2007-01-12
4256,2007-01-19
4257,2007-01-26
4258,2007-02-02
4259,2007-02-09
4260,2007-02-16
4261,2007-03-02
4262,2007-03-09
4263,2007-03-16
4264,2007-03-23
4265,2007-04-06
4266,2007-04-13
4267,2007-04-20
4268,2007-04-27
4269,2007-05-11
4270,2007-05-18
4271,2007-05-25
4272,2007-06-08
4273,2007-06-15
4274,2007-06-22
4275,2007-07-06
4276,2007-07-13
4277,2007-07-20
4278,2007-07-27
4279,2007-08-03
4280,2007-08-10
4281,2007-08-17
4282,2007-08-24
4283,2007-09-07
4284,2007-09-14
4285,2007-09-21
4286,2007-10-12
4287,2007-10-19
4288,2007-10-26
4289,2007-11-02
4290,2007-11-09
4291,2007-11-16
4292,2007-11-23
4293,2007-12-07
4294,2007-12-14
4295,2007-12-21
4296,2008-01-04
4297,2008-01-11
4298,2008-01-18
4299,2008-01-25
4300,2008-02-05
4301,2008-02-15
4302,2008-02-22
4303,2008-03-07
4304,2008-03-14
4305,2008-03-21
4306,2008-03-28
4307,2008-04-03
4308,2008-04-11
4309,2008-04-18
4310,2008-04-25
4311,2008-05-09
4312,2008-05-16
4313,2008-05-23
4314,2008-06-06
4315,2008-06-13
4316,2008-06-20
4317,2008-06-27
4318,2008-07-04
4319,2008-07-11
4320,2008-07-18
4321,2008-07-25
4322,2008-08-08
4323,2008-08-15
4324,2008-08-22
4325,2008-09-05
4326,2008-09-12
4327,2008-09-19
4328,2008-10-10
4329,2008-10-17
4330,2008-10-24
4331,2008-11-07
4332,2008-11-14
4333,2008-11-21
4334,2008-12-05
4335,2008-12-12
4336,2008-12-19
4337,2008-12-26
4338,2009-01-09
4339,2009-01-16
4340,2009-02-06
4341,2009-02-13
4342,2009-02-20
4343,2009-03-06
4344,2009-03-13
4345,2009-03-20
4346,2009-03-27
4347,2009-04-03
4348,2009-04-10
4349,2009-04-17
4350,2009-04-24
4351,2009-05-08
4352,2009-05-15
4353,2009-05-22
4354,2009-06-05
4355,2009-06-12
4356,2009-06-19
4357,2009-06-26
4358,2009-07-03
4359,2009-07-10
4360,2009-07-17
4361,2009-07-24
4362,2009-08-07
4363,2009-08-14
4364,2009-08-21
4365,2009-08-28
4366,2009-09-04
4367,2009-09-11
4368,2009-09-18
4369,2009-09-25
4370,2009-10-16
4371,2009-10-23
4372,2009-11-06
4373,2009-11-13
4374,2009-11-20
4375,2009-11-27
4376,2009-12-04
4377,2009-12-11
4378,2009-12-18
4379,2009-12-25
4380,2010-01-08
4381,2010-01-15
4382,2010-01-22
4383,2010-02-05
4384,2010-02-12
4385,2010-03-05
4386,2010-03-12
4387,2010-03-19
4388,2010-03-26
4389,2010-04-02
4390,2010-04-09
4391,2010-04-16
4392,2010-04-23
4393,2010-05-07
4394,2010-05-14
4395,2010-05-21
4396,2010-05-28
4397,2010-06-04
4398,2010-06-11
4399,2010-06-18
4400,2010-06-25
4401,2010-07-02
4402,2010-07-09
4403,2010-07-16
4404,2010-07-23
4405,2010-08-06
4406,2010-08-13
4407,2010-08-20
4408,2010-08-27
4409,2010-09-03
4410,2010-09-10
4411,2010-09-17
4412,2010-09-21
4413,2010-10-15
4414,2010-10-22
4415,2010-11-05
4416,2010-11-12
4417,2010-11-19
4418,2010-11-26
4419,2010-12-03
4420,2010-12-10
4421,2010-12-17
4422,2010-12-24
4423,2011-01-07
4424,2011-01-14
4425,2011-01-21
4426,2011-01-28
4427,2011-02-11
4428,2011-02-18
4429,2011-02-25
4430,2011-03-04
4431,2011-03-11
4432,2011-03-18
4433,2011-03-25
4434,2011-04-08
4435,2011-04-15
4436,2011-04-22
4437,2011-05-06
4438,2011-05-13
4439,2011-05-20
4440,2011-05-27
4441,2011-06-03
4442,2011-06-10
4443,2011-06-17
4444,2011-06-24
4445,2011-07-08
4446,2011-07-15
4447,2011-07-22
4448,2011-08-05
4449,2011-08-12
4450,2011-08-19
4451,2011-08-26
4452,2011-09-02
4453,2011-09-09
4454,2011-09-16
4455,2011-09-23
4456,2011-10-14
4457,2011-10-21
4458,2011-10-28
4459,2011-11-04
4460,2011-11-11
4461,2011-11-18
4462,2011-11-25
4463,2011-12-02
4464,2011-12-09
4465,2011-12-16
4466,2011-12-23
4467,2012-01-06
4468,2012-01-13
4469,2012-01-20
4470,2012-02-03
4471,2012-02-10
4472,2012-02-17
4473,2012-02-24
4474,2012-03-02
4475,2012-03-09
4476,2012-03-16
4477,2012-03-23
4478,2012-04-06
4479,2012-04-13
4480,2012-04-20
4481,2012-05-04
4482,2012-05-11
4483,2012-05-18
4484,2012-05-25
4485,2012-06-08
4486,2012-06-15
4487,2012-06-21
4488,2012-07-06
4489,2012-07-13
4490,2012-07-20
4491,2012-07-27
4492,2012-08-03
4493,2012-08-10
4494,2012-08-17
4495,2012-08-24
4496,2012-09-07
4497,2012-09-14
4498,2012-09-21
4499,2012-10-12
4500,2012-10-19
4501,2012-10-26
4502,2012-11-02
4503,2012-11-09
4504,2012-11-16
4505,2012-11-23
4506,2012-12-07
4507,2012-12-14
4508,2012-12-21
4509,2012-12-28
4510,2013-01-11
4511,2013-01-18
4512,2013-01-25
4513,2013-02-08
4514,2013-02-22
4515,2013-03-08
4516,2013-03-15
4517,2013-03-22
4518,2013-04-03
4519,2013-04-12
4520,2013-04-19
4521,2013-05-03
4522,2013-05-10
4523,2013-05-17
4524,2013-05-24
4525,2013-06-07
4526,2013-06-14
4527,2013-06-21
4528,2013-07-05
4529,2013-07-12
4530,2013-07-19
4531,2013-07-26
4532,2013-08-02
4533,2013-08-09
4534,2013-08-16
4535,2013-08-23
4536,2013-09-06
4537,2013-09-13
4538,2013-09-18
4539,2013-09-27
4540,2013-10-11
4541,2013-10-18
4542,2013-10-25
4543,2013-11-08
4544,2013-11-15
4545,2013-11-22
4546,2013-12-06
4547,2013-12-13
4548,2013-12-20
4549,2013-12-27
4550,2014-01-03
4551,2014-01-10
4552,2014-01-17
4553,2014-01-24
4554,2014-02-14
4555,2014-02-21
4556,2014-03-07
4557,2014-03-14
4558,2014-03-21
4559,2014-03-28
4560,2014-04-04
4561,2014-04-11
4562,2014-04-18
4563,2014-04-25
4564,2014-05-09
4565,2014-05-16
4566,2014-05-23
4567,2014-06-06
4568,2014-06-13
4569,2014-06-20
4570,2014-06-27
4571,2014-07-04
4572,2014-07-11
4573,2014-07-18
4574,2014-07-25
4575,2014-08-08
4576,2014-08-15
4577,2014-08-22
4578,2014-09-05
4579,2014-09-12
4580,2014-09-19
4581,2014-09-26
4582,2014-10-10
4583,2014-10-17
4584,2014-10-24
4585,2014-11-07
4586,2014-11-14
4587,2014-11-21
4588,2014-12-05
4589,2014-12-12
4590,2014-12-19
4591,2014-12-26
4592,2015-01-09
4593,2015-01-16
4594,2015-01-23
4595,2015-02-06
4596,2015-02-13
4597,2015-02-17
4598,2015-03-06
4599,2015-03-13
4600,2015-03-20
4601,2015-03-27
4602,2015-04-03
4603,2015-04-10
4604,2015-04-17
4605,2015-04-24
4606,2015-05-08
4607,2015-05-15
4608,2015-05-22
4609,2015-06-05
4610,2015-06-12
4611,2015-06-19
4612,2015-06-26
4613,2015-07-03
4614,2015-07-10
4615,2015-07-17
4616,2015-07-24
4617,2015-08-07
4618,2015-08-14
4619,2015-08-21
4620,2015-08-28
4621,2015-09-02
4622,2015-09-11
4623,2015-09-18
4624,2015-09-25
4625,2015-10-09
4626,2015-10-16
4627,2015-10-23
4628,2015-11-06
4629,2015-11-13
4630,2015-11-20
4631,2015-11-27
4632,2015-12-04
4633,2015-12-11
4634,2015-12-18
4635,2015-12-25
4636,2016-01-08
4637,2016-01-15
4638,2016-01-22
4639,2016-02-05
4640,2016-02-19
4641,2016-02-26
4642,2016-03-04
4643,2016-03-11
4644,2016-03-18
4645,2016-03-25
4646,2016-04-08
4647,2016-04-15
4648,2016-04-22
4649,2016-05-06
4650,2016-05-13
4651,2016-05-20
4652,2016-05-27
4653,2016-06-03
4654,2016-06-08
4655,2016-06-17
4656,2016-06-24
4657,2016-07-08
4658,2016-07-15
4659,2016-07-22
4660,2016-08-05
4661,2016-08-12
4662,2016-08-19
4663,2016-08-26
4664,2016-09-02
4665,2016-09-09
4666,2016-09-14
4667,2016-09-23
4668,2016-10-14
4669,2016-10-21
4670,2016-10-28
4671,2016-11-04
4672,2016-11-11
4673,2016-11-18
4674,2016-11-25
4675,2016-12-02
4676,2016-12-09
4677,2016-12-16
4678,2016-12-23
4679,2017-01-06
4680,2017-01-13
4681,2017-01-20
4682,2017-02-10
4683,2017-02-17
4684,2017-02-24
4685,2017-03-03
4686,2017-03-10
4687,2017-03-17
4688,2017-03-24
4689,2017-04-07
4690,2017-04-14
4691,2017-04-21
4692,2017-05-05
4693,2017-05-12
4694,2017-05-19
4695,2017-05-26
4696,2017-06-02
4697,2017-06-09
4698,2017-06-16
4699,2017-06-23
4700,2017-07-07
4701,2017-07-14
4702,2017-07-21
4703,2017-07-28
4704,2017-08-04
4705,2017-08-11
4706,2017-08-18
4707,2017-08-25
4708,2017-09-08
4709,2017-09-15
4710,2017-09-22
4711,2017-10-13
4712,2017-10-20
4713,2017-10-27
4714,2017-11-03
4715,2017-11-10
4716,2017-11-17
4717,2017-11-24
4718,2017-12-08
4719,2017-12-15
4720,2017-12-22
4721,2018-01-05
4722,2018-01-12
4723,2018-01-19
4724,2018-01-26
4725,2018-02-02
4726,2018-02-09
4727,2018-02-14
4728,2018-02-23
4729,2018-03-02
4730,2018-03-09
4731,2018-03-16
4732,2018-03-23
4733,2018-04-04
4734,2018-04-13
4735,2018-04-20
4736,2018-05-04
4737,2018-05-11
4738,2018-05-18
4739,2018-05-25
4740,2018-06-08
4741,2018-06-15
4742,2018-06-22
4743,2018-07-06
4744,2018-07-13
4745,2018-07-20
4746,2018-07-27
4747,2018-08-03
4748,2018-08-10
4749,2018-08-17
4750,2018-08-24
4751,2018-09-07
4752,2018-09-14
4753,2018-09-21
4754,2018-10-12
4755,2018-10-19
4756,2018-10-26
4757,2018-11-02
4758,2018-11-09
4759,2018-11-16
4760,2018-11-23
4761,2018-12-07
4762,2018-12-14
4763,2018-12-21
4764,2019-01-04
4765,2019-01-11
4766,2019-01-18
4767,2019-01-25
4768,2019-02-15
4769,2019-02-22
4770,2019-03-08
4771,2019-03-15
4772,2019-03-22
4773,2019-04-04
4774,2019-04-12
4775,2019-04-19
4776,2019-04-26
4777,2019-05-10
4778,2019-05-17
4779,2019-05-24
4780,1998-04-01
4781,1998-07-01
4782,1998-09-01
4783,1998-12-01
4784,1999-04-01
4785,1999-06-01
4786,1999-07-01
4787,1999-09-01
4788,1999-12-01
4789,2000-03-01
4790,2000-06-01
4791,2000-08-01
4792,2000-11-01
4793,2001-03-01
4794,2001-08-01
4795,2001-11-01
4796,2002-08-01
4797,2003-01-02
4798,2003-04-01
4799,2003-07-01
4800,2004-04-01
4801,2004-06-01
4802,2004-07-01
4803,2004-09-01
4804,2004-12-01
4805,2005-02-01
4806,2005-03-01
4807,2005-06-01
4808,2005-09-01
4809,2005-11-01
4810,2005-12-01
4811,2006-03-01
4812,2006-06-01
4813,2006-08-01
4814,2006-11-01
4815,2007-02-01
4816,2007-03-01
4817,2007-08-01
4818,2007-11-01
4819,2008-04-01
4820,2008-07-01
4821,2009-04-01
4822,2009-07-01
4823,2009-09-01
4824,2009-12-01
4825,2010-04-01
4826,2010-06-01
4827,2010-07-01
4828,2010-09-01
4829,2010-12-01
4830,2011-03-01
4831,2011-06-01
4832,2011-09-01
4833,2011-11-01
4834,2011-12-01
4835,2012-02-01
4836,2012-03-01
4837,2012-08-01
4838,2012-11-01
4839,2013-08-01
4840,2014-01-02
4841,2014-04-01
4842,2014-07-01
4843,2015-04-01
4844,2015-07-01
4845,2015-09-01
4846,2015-12-01
4847,2016-03-01
4848,2016-06-01
4849,2016-09-01
4850,2016-11-01
4851,2016-12-01
4852,2017-03-01
4853,2017-06-01
4854,2017-08-01
4855,2017-11-01
4856,2018-02-01
4857,2018-03-01
4858,2018-08-01
4859,2018-11-01
4860,1997-07-14
4861,1997-09-01
4862,1997-10-06
4863,1997-11-03
4864,1997-12-01
4865,1998-01-05
4866,1998-02-09
4867,1998-03-02
4868,1998-05-04
4869,1998-06-01
4870,1998-08-03
4871,1998-10-05
4872,1998-11-02
4873,1999-01-04
4874,1999-02-01
4875,1999-03-01
4876,1999-05-04
4877,1999-08-02
4878,1999-11-01
4879,2000-01-04
4880,2000-02-14
4881,2000-04-03
4882,2000-05-08
4883,2000-07-03
4884,2000-10-09
4885,2001-01-02
4886,2001-02-05
4887,2001-04-02
4888,2001-05-08
4889,2001-07-02
4890,2001-09-03
4891,2001-10-08
4892,2001-12-03
4893,2002-04-01
4894,2002-05-08
4895,2002-06-03
4896,2002-07-01
4897,2002-09-02
4898,2002-10-08
4899,2002-12-02
4900,2003-02-10
4901,2003-03-03
4902,2003-05-12
4903,2003-06-02
4904,2003-09-01
4905,2003-10-08
4906,2003-11-03
4907,2003-12-01
4908,2004-02-02
4909,2004-03-01
4910,2004-05-10
4911,2004-08-02
4912,2004-11-01
4913,2005-01-04
4914,2005-05-09
4915,2005-08-01
4916,2005-10-10
4917,2006-01-04
4918,2006-02-06
4919,2006-04-03
4920,2006-05-08
4921,2006-07-03
4922,2006-10-09
4923,2007-01-04
4924,2007-04-02
4925,2007-05-08
4926,2007-07-02
4927,2007-09-03
4928,2007-10-08
4929,2007-12-03
4930,2008-01-02
4931,2008-03-03
4932,2008-05-05
4933,2008-06-02
4934,2008-09-01
4935,2008-10-06
4936,2008-11-03
4937,2008-12-01
4938,2009-01-05
4939,2009-02-02
4940,2009-03-02
4941,2009-05-04
4942,2009-06-01
4943,2009-08-03
4944,2009-11-02
4945,2010-01-04
4946,2010-02-01
4947,2010-03-01
4948,2010-05-04
4949,2010-08-02
4950,2010-11-01
4951,2011-01-04
4952,2011-05-03
4953,2011-08-01
4954,2011-10-10
4955,2012-01-04
4956,2012-04-05
4957,2012-05-02
4958,2012-07-02
4959,2012-09-03
4960,2012-10-08
4961,2012-12-03
4962,2013-04-01
4963,2013-05-02
4964,2013-06-03
4965,2013-07-01
4966,2013-09-02
4967,2013-10-08
4968,2013-12-02
4969,2014-03-03
4970,2014-05-05
4971,2014-06-03
4972,2014-09-01
4973,2014-10-08
4974,2014-11-03
4975,2014-12-01
4976,2015-01-05
4977,2015-02-02
4978,2015-03-02
4979,2015-05-04
4980,2015-06-01
4981,2015-08-03
4982,2015-10-08
4983,2015-11-02
4984,2016-01-04
4985,2016-02-01
4986,2016-05-03
4987,2016-08-01
4988,2016-10-10
4989,2017-01-03
4990,2017-04-05
4991,2017-05-02
4992,2017-07-03
4993,2017-10-09
4994,2018-01-02
4995,2018-04-02
4996,2018-05-02
4997,2018-07-02
4998,2018-09-03
4999,2018-10-08
5000,2018-12-03
5001,2019-01-02
5002,2019-04-01
5003,2019-05-06
5004,1997-08-01
5005,2000-09-01
5006,2000-12-01
5007,2001-06-01
5008,2002-01-04
5009,2002-02-01
5010,2002-03-01
5011,2002-11-01
5012,2003-08-01
5013,2004-01-02
5014,2005-04-01
5015,2005-07-01
5016,2006-09-01
5017,2006-12-01
5018,2007-06-01
5019,2008-02-01
5020,2008-08-01
5021,2011-02-01
5022,2011-04-01
5023,2011-07-01
5024,2012-06-01
5025,2013-01-04
5026,2013-02-01
5027,2013-03-01
5028,2013-11-01
5029,2014-08-01
5030,2016-04-01
5031,2016-07-01
5032,2017-09-01
5033,2017-12-01
5034,2018-06-01
5035,2019-02-01
5036,2019-03-01
5037,1999-10-08
5038,2004-10-08
5039,2009-10-09
5040,2010-10-08
5041,2014-02-07
5042,2017-02-03
5043,1997-07-31
5044,1998-03-31
5045,1998-06-30
5046,1999-03-31
5047,1999-06-30
5048,1999-08-31
5049,1999-11-30
5050,2000-02-29
5051,2000-05-31
5052,2000-08-31
5053,2000-10-31
5054,2000-11-30
5055,2001-02-28
5056,2001-05-31
5057,2001-07-31
5058,2001-10-31
5059,2002-01-31
5060,2002-02-28
5061,2002-07-31
5062,2002-10-31
5063,2002-12-31
5064,2003-07-31
5065,2003-12-31
5066,2004-03-31
5067,2004-06-30
5068,2004-08-31
5069,2004-11-30
5070,2005-03-31
5071,2005-05-31
5072,2005-06-30
5073,2005-08-31
5074,2005-11-30
5075,2006-02-28
5076,2006-05-31
5077,2006-08-31
5078,2006-10-31
5079,2006-11-30
5080,2007-01-31
5081,2007-02-28
5082,2007-05-31
5083,2007-07-31
5084,2007-10-31
5085,2008-01-31
5086,2008-07-31
5087,2009-03-31
5088,2009-06-30
5089,2010-03-31
5090,2010-06-30
5091,2010-08-31
5092,2010-11-30
5093,2011-03-31
5094,2011-05-31
5095,2011-06-30
5096,2011-08-31
5097,2011-11-30
5098,2012-01-31
5099,2012-02-29
5100,2012-05-31
5101,2012-07-31
5102,2012-10-31
5103,2013-01-31
5104,2013-02-28
5105,2013-07-31
5106,2013-10-31
5107,2013-12-31
5108,2014-07-31
5109,2015-03-31
5110,2015-06-30
5111,2016-03-31
5112,2016-05-31
5113,2016-06-30
5114,2016-08-31
5115,2016-11-30
5116,2017-02-28
5117,2017-08-31
5118,2017-10-31
5119,2017-11-30
5120,2018-01-31
5121,2018-02-28
5122,2018-05-31
5123,2018-07-31
5124,2018-10-31
5125,2019-01-31
5126,2019-02-28
5127,1998-08-31
5128,1998-11-30
5129,1999-05-31
5130,2000-07-31
5131,2001-12-31
5132,2003-03-31
5133,2003-06-30
5134,2004-05-31
5135,2005-01-31
5136,2005-02-28
5137,2005-10-31
5138,2006-07-31
5139,2008-03-31
5140,2008-06-30
5141,2009-08-31
5142,2009-11-30
5143,2010-05-31
5144,2011-01-31
5145,2011-02-28
5146,2011-10-31
5147,2012-12-31
5148,2014-03-31
5149,2014-06-30
5150,2015-08-31
5151,2015-11-30
5152,2016-02-29
5153,2016-10-31
5154,2017-05-31
5155,2017-07-31
5156,1997-08-29
5157,1997-09-30
5158,1997-10-31
5159,1997-11-28
5160,1997-12-31
5161,1998-01-23
5162,1998-02-27
5163,1998-04-30
5164,1998-05-29
5165,1998-07-31
5166,1998-09-30
5167,1998-10-30
5168,1998-12-31
5169,1999-01-29
5170,1999-02-09
5171,1999-04-30
5172,1999-07-30
5173,1999-09-30
5174,1999-10-29
5175,1999-12-30
5176,2000-01-28
5177,2000-03-31
5178,2000-04-28
5179,2000-06-30
5180,2000-09-29
5181,2000-12-29
5182,2001-01-19
5183,2001-03-30
5184,2001-06-29
5185,2001-08-31
5186,2001-09-28
5187,2001-11-30
5188,2002-03-29
5189,2002-04-30
5190,2002-05-31
5191,2002-06-28
5192,2002-08-30
5193,2002-09-27
5194,2002-11-29
5195,2003-01-29
5196,2003-02-28
5197,2003-04-30
5198,2003-05-30
5199,2003-08-29
5200,2003-09-30
5201,2003-10-31
5202,2003-11-28
5203,2004-01-30
5204,2004-02-27
5205,2004-04-30
5206,2004-07-30
5207,2004-09-30
5208,2004-10-29
5209,2004-12-31
5210,2005-04-29
5211,2005-07-29
5212,2005-09-30
5213,2005-12-30
5214,2006-01-25
5215,2006-03-31
5216,2006-04-28
5217,2006-06-30
5218,2006-09-29
5219,2006-12-29
5220,2007-03-30
5221,2007-06-29
5222,2007-08-31
5223,2007-09-28
5224,2007-11-30
5225,2007-12-28
5226,2008-02-29
5227,2008-04-30
5228,2008-05-30
5229,2008-08-29
5230,2008-09-26
5231,2008-10-31
5232,2008-11-28
5233,2008-12-31
5234,2009-01-23
5235,2009-02-27
5236,2009-04-30
5237,2009-05-27
5238,2009-07-31
5239,2009-09-30
5240,2009-10-30
5241,2009-12-31
5242,2010-01-29
5243,2010-02-26
5244,2010-04-30
5245,2010-07-30
5246,2010-09-30
5247,2010-10-29
5248,2010-12-31
5249,2011-04-29
5250,2011-07-29
5251,2011-09-30
5252,2011-12-30
5253,2012-03-30
5254,2012-04-27
5255,2012-06-29
5256,2012-08-31
5257,2012-09-28
5258,2012-11-30
5259,2013-03-29
5260,2013-04-26
5261,2013-05-31
5262,2013-06-28
5263,2013-08-30
5264,2013-11-29
5265,2014-01-30
5266,2014-02-28
5267,2014-04-30
5268,2014-05-30
5269,2014-08-29
5270,2014-09-30
5271,2014-10-31
5272,2014-11-28
5273,2014-12-31
5274,2015-01-30
5275,2015-02-27
5276,2015-04-30
5277,2015-05-29
5278,2015-07-31
5279,2015-09-30
5280,2015-10-30
5281,2015-12-31
5282,2016-01-29
5283,2016-04-29
5284,2016-07-29
5285,2016-09-30
5286,2016-12-30
5287,2017-01-26
5288,2017-03-31
5289,2017-04-28
5290,2017-06-30
5291,2017-09-29
5292,2017-12-29
5293,2018-03-30
5294,2018-04-27
5295,2018-06-29
5296,2018-08-31
5297,2018-09-28
5298,2018-11-30
5299,2018-12-28
5300,2019-03-29
5301,2019-04-30
5302,2019-05-31
5303,2001-04-30
5304,2007-04-30
5305,2013-09-30
